quiz,item,type,carry_forward,objectives,stem,options,answer,rationale,source
checkpoint-domain-1,1,single,no,1.1.1,Which statement best captures what makes something cloud computing rather than traditional IT?,A. The workload runs on virtualized hardware | B. Computing services are delivered over the internet and rented rather than owned | C. The hardware is newer than five years old | D. The organization has more than one datacenter,B,Cloud computing is delivery of computing services over the internet on a rental basis. Virtualization alone is not cloud computing — plenty of on-premises datacenters are virtualized.,https://learn.microsoft.com/en-us/training/modules/describe-cloud-compute/3-what-cloud-compute
checkpoint-domain-1,2,single,no,1.1.2,"Which item is always the customer's responsibility, in every cloud service type?",A. The physical hosts | B. The operating system | C. The accounts and identities in the environment | D. The physical network,C,"Accounts and identities, data, and connecting devices always stay with the customer. The operating system depends on the service type; the physical layers are always the provider's.",https://learn.microsoft.com/en-us/training/modules/describe-cloud-compute/4-describe-shared-responsibility-model
checkpoint-domain-1,3,single,no,1.1.2,Which statement correctly describes how responsibility shifts across service types?,"A. IaaS places the most responsibility on the provider, and SaaS the most on the customer | B. IaaS places the most responsibility on the customer, SaaS the most on the provider, and PaaS sits between them | C. Responsibility is identical in all three; only pricing differs | D. The customer is responsible for physical security in IaaS",B,"IaaS puts the most on the customer, SaaS the most on the provider, and PaaS distributes responsibility between the two.",https://learn.microsoft.com/en-us/training/modules/describe-cloud-compute/4-describe-shared-responsibility-model
checkpoint-domain-1,4,matching,no,1.1.3 1.1.4,"(Match each scenario to the cloud model that fits best: public, private, hybrid, or multicloud.)","i. A single organization runs a dedicated cloud environment in its own datacenter | ii. A company keeps regulated data on dedicated infrastructure and runs its public website with a cloud provider, connecting the two | iii. A startup with no hardware buys all of its infrastructure from a cloud provider | iv. An enterprise runs production workloads with two different public cloud providers and manages security in both","i–private, ii–hybrid, iii–public, iv–multicloud","Single-organization environment is private; interconnected private plus public is hybrid; buying everything from a provider is public; two or more public providers is multicloud. Score one point per pair, then round.",https://learn.microsoft.com/en-us/training/modules/describe-cloud-compute/5-define-cloud-models
checkpoint-domain-1,5,single,no,1.1.5,Which outcome is the clearest consequence of the consumption-based model?,"A. You purchase capacity in advance to guarantee availability | B. You pay only for resources you use, and you can release them when demand drops | C. Infrastructure costs become capital expenditure | D. Costs are fixed and independent of usage",B,"Paying only for what you use and releasing resources on demand is the defining consequence; cloud consumption is classified as operational, not capital, expenditure.",https://learn.microsoft.com/en-us/training/modules/describe-cloud-compute/6-describe-consumption-based-model
checkpoint-domain-1,6,single,no,1.1.6,A team can commit to a three-year term on a specific virtual machine size for a steady workload. Which pricing option is intended for that situation?,A. Pay-as-you-go | B. A reservation | C. Azure Spot Virtual Machines | D. The Azure free account,B,Reservations commit to specific resources for one or three years to reduce cost. Spot is for interruptible workloads; pay-as-you-go carries no commitment and no discount.,https://learn.microsoft.com/en-us/training/modules/describe-cost-management-azure/2-describe-factors-affect-costs-azure
checkpoint-domain-1,7,single,no,1.1.7,Which description matches serverless computing?,"A. Code runs on a VM you size and patch yourself | B. Code is triggered by an event, resources are allocated around the run and released afterward, and you pay for the time it executes | C. A dedicated physical host is reserved for your workload | D. A managed desktop is delivered to remote users",B,"Serverless is event-driven: the event wakes the code, Azure allocates and then deallocates resources, and charging is based on the time the code runs.",https://learn.microsoft.com/en-us/training/modules/describe-azure-compute-networking-services/6-functions
checkpoint-domain-1,8,single,no,1.2.1,An application must keep serving users during a datacenter-level failure and must handle a fivefold traffic increase during a sale. Which two cloud benefits are being described?,A. Governance and compliance | B. High availability and scalability | C. Manageability and predictability | D. Security and reliability,B,Continuing to serve during a failure is high availability; absorbing a traffic increase is scalability.,https://learn.microsoft.com/en-us/training/modules/describe-benefits-use-cloud-services/2-high-availability-scalability-cloud
checkpoint-domain-1,9,single,no,1.2.2,Which statement describes reliability as distinct from predictability?,A. Reliability is forecasting cost; predictability is recovering from failure | B. Reliability is recovering from failure and continuing to function; predictability is being able to anticipate performance and cost | C. They are two names for the same property | D. Reliability applies only to storage; predictability only to compute,B,"Reliability is recovery and continued function; predictability covers anticipating performance (autoscaling, load balancing, high availability) and cost (usage tracking, forecasting, the pricing calculator).",https://learn.microsoft.com/en-us/training/modules/describe-benefits-use-cloud-services/3-reliability-predictability-cloud
checkpoint-domain-1,10,single,no,1.2.3,Which pair of capabilities are governance and security benefits of the cloud?,"A. Deploying from templates to meet technical standards, and cloud-based auditing that flags noncompliant resources | B. Buying hardware in bulk, and negotiating vendor discounts | C. Writing application code, and running unit tests | D. Assigning licenses, and paying invoices",A,Templates that enforce standards and cloud-based auditing that flags out-of-compliance resources are the named governance benefits; automatic patching in PaaS and SaaS and provider-scale DDoS resilience are the security side.,https://learn.microsoft.com/en-us/training/modules/describe-benefits-use-cloud-services/4-security-governance-cloud
checkpoint-domain-1,11,single,no,1.2.4,Which set of activities describes management *in* the cloud?,"A. Autoscaling resources and automatically replacing failing resources | B. Deploying from preconfigured templates and receiving metric-based alerts | C. Using a web portal, a command line interface, APIs, or PowerShell to manage the environment | D. Monitoring resource health and configuring automatic alerts",C,"Management *in* the cloud is the interfaces — portal, CLI, APIs, PowerShell. A, B, and D are all management *of* the cloud.",https://learn.microsoft.com/en-us/training/modules/describe-benefits-use-cloud-services/5-manageability-cloud
checkpoint-domain-1,12,matching,no,1.3.1 1.3.2 1.3.3 1.3.4,"(Match each requirement to the cloud service type that fits best: IaaS, PaaS, or SaaS.)",i. Full control of the operating system for a lift-and-shift migration | ii. A ready-to-use email and messaging product with no development work | iii. A managed development framework with built-in scalability and multitenancy so developers write less infrastructure code | iv. Rapidly created and destroyed test environments replicating an established server configuration | v. Business intelligence tooling delivered as a service for a team to analyze its own data,"i–IaaS, ii–SaaS, iii–PaaS, iv–IaaS, v–PaaS","Lift-and-shift and rapid test-environment replication are the IaaS scenarios; development framework and analytics or business intelligence are the PaaS scenarios; a ready-to-use product is SaaS. Score one point per pair, then round.",https://learn.microsoft.com/en-us/training/modules/describe-cloud-service-types/2-describe-infrastructure-service
checkpoint-domain-2,1,matching,no,2.1.1 2.1.2 2.1.3,"(Match each description to the correct term: datacenter, region, availability zone, region pair, sovereign region.)","i. Physically separate datacenters within one region, each with independent power, cooling, and networking | ii. A geographical area containing one or more nearby networked datacenters | iii. A physical facility of racked servers that customers do not deploy to directly | iv. Two regions in the same geography, at least 300 miles apart, used for replication and staged updates | v. An isolated instance of Azure for legal or compliance purposes","i–availability zone, ii–region, iii–datacenter, iv–region pair, v–sovereign region",The five physical-infrastructure terms. Customers deploy to regions and zones; datacenters are the underlying facilities. Score per pair.,https://learn.microsoft.com/en-us/training/modules/describe-core-architectural-components-of-azure/5-describe-azure-physical-infrastructure
checkpoint-domain-2,2,yes-no,no,2.1.4 2.1.5 2.1.6 2.1.7,"(For each statement, answer yes or no.)","i. A resource can belong to only one resource group at a time. | ii. A subscription is both a billing boundary and an access control boundary. | iii. Management groups sit above subscriptions, and subscriptions inherit the governance conditions applied to them. | iv. Resource groups can be nested inside other resource groups.","i–yes, ii–yes, iii–yes, iv–no",Resources belong to exactly one resource group; subscriptions are billing and access boundaries; management groups pass governance conditions down; resource groups cannot be nested. Score per statement.,https://learn.microsoft.com/en-us/training/modules/describe-core-architectural-components-of-azure/6-describe-azure-management-infrastructure
checkpoint-domain-2,3,single,no,2.2.1,"A team needs to run several instances of an application on one host, starting and stopping them quickly, without managing a separate operating system per instance — and separately needs to run short code triggered by queue messages. Which two compute options fit?","A. Virtual machines for both | B. Containers for the first, functions for the second | C. Functions for the first, virtual machines for the second | D. Azure Virtual Desktop for both",B,"Containers run multiple lightweight instances on one host without a per-instance OS to manage; functions run event-triggered code, including triggers from queue messages.",https://learn.microsoft.com/en-us/training/modules/describe-azure-compute-networking-services/5-containers
checkpoint-domain-2,4,single,no,2.2.2,Which combination correctly matches the requirement to the service?,A. Identical load-balanced VMs that scale automatically → availability set; centrally managed Windows desktops for remote workers → Azure Virtual Desktop | B. Identical load-balanced VMs that scale automatically → virtual machine scale set; centrally managed Windows desktops for remote workers → Azure Virtual Desktop | C. Identical load-balanced VMs that scale automatically → Azure App Service; centrally managed Windows desktops for remote workers → virtual machine scale set | D. Both requirements → Azure Container Apps,B,Scale sets provide identical load-balanced VMs with automatic scaling; availability sets provide in-region resiliency but do not change instance counts. Azure Virtual Desktop delivers centrally managed desktops and apps.,https://learn.microsoft.com/en-us/training/modules/describe-azure-compute-networking-services/2-virtual-machines
checkpoint-domain-2,5,multi-select,no,2.2.3,Which items must be specified when provisioning a virtual machine? (Select all that apply.),"A. VM size, including family, vCPU count, and RAM | B. Storage disks | C. Virtual network and network interface | D. An Azure Policy initiative | E. A Microsoft Purview data map","A, B, C","Size, disks, and networking are the required VM choices. Policy initiatives and Purview data maps are governance features unrelated to provisioning a VM.",https://learn.microsoft.com/en-us/training/modules/describe-azure-compute-networking-services/2-virtual-machines
checkpoint-domain-2,6,single,no,2.2.4,"A development team wants managed hosting for a web app and a REST API, in the language of their choice, with automatic scaling and Git-based deployment, and no operating system to maintain. Which option fits?",A. Azure Virtual Machines in an availability set | B. Azure App Service | C. Azure Data Box | D. Azure Virtual Desktop,B,"App Service is the managed application hosting option covering web apps, API apps, WebJobs, and mobile back ends, with automatic scaling, built-in load balancing, and Git-based deployment.",https://learn.microsoft.com/en-us/training/modules/describe-azure-compute-networking-services/7-describe-application-hosting-options
checkpoint-domain-2,7,matching,no,2.2.5,"(Match each connectivity requirement to the right option: virtual network peering, site-to-site VPN, point-to-site VPN, Azure ExpressRoute, Azure DNS.)","i. Encrypted connection from a single laptop into an Azure virtual network | ii. Private, dedicated connectivity from a datacenter to Azure that does not use the public internet | iii. Direct private connectivity between two Azure virtual networks over the Microsoft backbone | iv. Encrypted connection from an on-premises network's gateway to an Azure virtual network over the internet | v. Hosting DNS domains and resolving names for Azure and external resources","i–point-to-site VPN, ii–ExpressRoute, iii–virtual network peering, iv–site-to-site VPN, v–Azure DNS",The five named networking capabilities in the objective. Score per pair.,https://learn.microsoft.com/en-us/training/modules/describe-azure-networking-services/2-virtual-network
checkpoint-domain-2,8,single,no,2.2.6,"A database must be reachable from resources inside a virtual network using a private IP address from that network's address space, and not from the internet. What should be configured?",A. A public endpoint | B. A private endpoint | C. A network security group rule allowing all inbound traffic | D. ExpressRoute Global Reach,B,A private endpoint exists in the virtual network and uses a private IP from its address space. A public endpoint is internet-reachable; an allow-all NSG rule would do the opposite of what is required.,https://learn.microsoft.com/en-us/training/modules/describe-azure-networking-services/2-virtual-network
checkpoint-domain-2,9,matching,no,2.3.1 2.3.2,(Match each requirement to the Azure Storage service and access tier combination that fits.),"i. Serving website images that users request constantly | ii. Customer invoices retained for compliance, accessed a few times a year but needed immediately when accessed | iii. Long-term backups that are rarely accessed, retained for at least 180 days, where retrieval latency is acceptable | iv. A managed file share that Windows and Linux clients mount concurrently","i–Blob Storage, hot tier; ii–Blob Storage, cool or cold tier; iii–Blob Storage, archive tier; iv–Azure Files","Hot for frequent access, cool (30+ days) or cold (90+ days) for infrequent but immediately readable, archive (180+ days) where rehydration latency is acceptable. Azure Files provides the SMB/NFS managed share. Score per pair.",https://learn.microsoft.com/en-us/training/modules/describe-azure-storage-services/4-describe-azure-storage-services
checkpoint-domain-2,10,single,no,2.3.3 2.3.4,"An organization needs a storage design that survives both an availability zone failure in the primary region and a regional disaster, and must be able to read the secondary copy before any failover. Which redundancy option fits, and which account type supports it?",A. LRS on premium page blobs | B. ZRS on premium file shares | C. RA-GZRS on standard general-purpose v2 | D. GRS on premium block blobs,C,GZRS gives zone redundancy in the primary region plus geo-replication; the RA- variant adds read access to the secondary before failover; and standard general-purpose v2 is the account type that supports RA-GZRS. Premium account types are limited to LRS or ZRS.,https://learn.microsoft.com/en-us/training/modules/describe-azure-storage-services/3-redundancy
checkpoint-domain-2,11,matching,no,2.3.5 2.3.6,"(Match each need to the right tool: AzCopy, Azure Storage Explorer, Azure File Sync, Azure Migrate, Azure Data Box.)","i. Assess an on-premises server estate and migrate it to Azure from a single portal | ii. Ship 60 TB into Azure when the network connection is too slow | iii. Command-line copying and one-direction synchronization of blobs and files | iv. A cross-platform graphical app for managing blobs and files | v. Keep a Windows file server bidirectionally synced with Azure Files, caching hot files locally","i–Azure Migrate, ii–Azure Data Box, iii–AzCopy, iv–Azure Storage Explorer, v–Azure File Sync",Migrate for assessment and migration; Data Box for offline bulk transfer up to 80 TB usable; AzCopy for command-line copy and one-direction sync; Storage Explorer for the cross-platform GUI; File Sync for bidirectional server sync with cloud tiering. Score per pair.,https://learn.microsoft.com/en-us/training/modules/describe-azure-storage-services/6-identify-azure-data-migration-options
checkpoint-domain-2,12,yes-no,no,2.4.1 2.4.2 2.4.3 2.4.4 2.4.5 2.4.6 2.4.7 2.4.8,"(For each statement, answer yes or no.)","i. Microsoft Entra Domain Services provides a managed domain with domain join, group policy, LDAP, and Kerberos/NTLM without you deploying domain controllers. | ii. Windows Hello for Business, the Microsoft Authenticator app, and FIDO2 security keys are the three passwordless options in Microsoft Entra ID. | iii. Conditional Access collects signals, makes a decision, then enforces it by allowing, blocking, or challenging for multifactor authentication. | iv. Azure RBAC uses a deny model, so the most restrictive role assignment always wins. | v. The three Zero Trust principles are verify explicitly, use least privilege access, and assume breach. | vi. In defense in depth, the perimeter layer uses DDoS protection to filter large-scale attacks. | vii. Microsoft Defender for Cloud provides a secure score, prioritized recommendations, and security alerts across Azure, hybrid, and other clouds. | viii. B2B collaboration users are typically represented in your directory as guests.","i–yes, ii–yes, iii–yes, iv–no, v–yes, vi–yes, vii–yes, viii–yes","Only statement iv is false: Azure RBAC uses an **allow** model, and permissions from multiple assignments combine. Score per statement.",https://learn.microsoft.com/en-us/training/modules/describe-azure-identity-access-security/2-directory-services
final-readiness-set,1,single,no,1.1.1,"An organization stops buying servers and instead rents compute, storage, and networking from a provider over the internet, releasing resources when it no longer needs them. Which characteristic of cloud computing does this describe?",A. Virtualization | B. Consumption of services delivered over the internet rather than owned infrastructure | C. Disaster recovery | D. Containerization,B,"Cloud computing is consuming computing services over the internet rather than owning infrastructure, with the ability to release resources. Virtualization and containerization are technologies, not the defining characteristic.",https://learn.microsoft.com/en-us/training/modules/describe-cloud-compute/3-what-cloud-compute
final-readiness-set,2,multi-select,no,1.1.2,A company runs an application on an Azure virtual machine and installs its own web server software on it. Which responsibilities belong to the company? (Select all that apply.),A. Patching the web server software | B. Patching the guest operating system | C. Maintaining the physical host hardware | D. Controlling who has access to the application's data | E. Securing the datacenter's physical perimeter,"A, B, D","On IaaS the customer owns installed software, the guest OS, and — in every model — the data and its access. Physical hosts and datacenter security are always the provider's.",https://learn.microsoft.com/en-us/training/modules/describe-cloud-compute/4-describe-shared-responsibility-model
final-readiness-set,3,matching,no,1.1.3 1.1.4,"(Match each situation to the cloud model that fits best: public, private, hybrid, multicloud.)","i. A government department requires resources dedicated to itself with complete control of security | ii. An insurer keeps its policy database on dedicated infrastructure and runs its quote calculator in a provider's cloud, connected together | iii. A media startup runs entirely on services bought from one cloud provider | iv. A bank runs workloads with two separate public cloud providers and manages security in both","i–private, ii–hybrid, iii–public, iv–multicloud",Dedicated single-entity environment with full control is private; interconnected private and public is hybrid; buying everything from one provider is public; two public providers is multicloud.,https://learn.microsoft.com/en-us/training/modules/describe-cloud-compute/5-define-cloud-models
final-readiness-set,4,single,no,1.1.5,Which statement best explains why cloud spending is classified as an operating expense?,A. Cloud resources depreciate over five years | B. You pay for services as you consume them rather than purchasing infrastructure up front | C. Cloud providers invoice annually | D. Cloud resources cannot be capitalized because they are virtual,B,Paying for services as consumed makes cloud spending operational rather than capital expenditure.,https://learn.microsoft.com/en-us/training/modules/describe-cloud-compute/6-describe-consumption-based-model
final-readiness-set,5,single,no,1.1.6,"A team has two workloads: a steady production API that will run for three years on a known VM size, and an overnight batch job that can be interrupted and restarted. Which pricing approach suits each?",A. Spot for the API; reservation for the batch job | B. Reservation for the API; spot for the batch job | C. Pay-as-you-go for both | D. Savings plan for the API; reservation for the batch job,B,"Reservations suit steady, predictable workloads on known resources; spot suits interruption-tolerant work using unused capacity at lower prices.",https://learn.microsoft.com/en-us/training/modules/describe-cost-management-azure/2-describe-factors-affect-costs-azure
final-readiness-set,6,single,no,1.1.7,Which requirement most clearly points to a serverless service?,A. The workload needs a specific Linux kernel version | B. Work arrives unpredictably as messages and each unit finishes in seconds | C. Users need a full managed Windows desktop | D. The workload requires a dedicated physical host,B,"Unpredictable, short, event-triggered units of work are the serverless case; nothing needs to remain provisioned between events.",https://learn.microsoft.com/en-us/training/modules/describe-azure-compute-networking-services/6-functions
final-readiness-set,7,single,no,1.2.1,"An application adds instances during a sale and removes them afterward, and separately the team increases the RAM on its database server. Which two scaling types are in use, in that order?","A. Vertical, then horizontal | B. Horizontal, then vertical | C. Both horizontal | D. Both vertical",B,Adding and removing instances is horizontal scaling; increasing RAM on an existing resource is vertical scaling.,https://learn.microsoft.com/en-us/training/modules/describe-benefits-use-cloud-services/2-high-availability-scalability-cloud
final-readiness-set,8,single,no,1.2.2,Which statement describes cost predictability as a cloud benefit?,"A. Costs never change once resources are deployed | B. You can track usage in real time, analyze patterns, and forecast future spend, including with the pricing calculator | C. All Azure services cost the same in every region | D. Costs are fixed by a service-level agreement",B,"Cost predictability comes from real-time usage tracking, monitoring, analytics on patterns, and estimation tools such as the pricing calculator.",https://learn.microsoft.com/en-us/training/modules/describe-benefits-use-cloud-services/3-reliability-predictability-cloud
final-readiness-set,9,single,no,1.2.3,"An organization wants deployments to consistently meet its technical standards, and wants to be alerted when a deployed resource drifts out of compliance with its baseline. Which cloud benefit category does this describe?",A. Scalability | B. Security and governance | C. Manageability in the cloud | D. Elasticity,B,"Templates that make deployments meet standards, and auditing that flags resources out of compliance with a baseline, are the governance and security benefits.",https://learn.microsoft.com/en-us/training/modules/describe-benefits-use-cloud-services/4-security-governance-cloud
final-readiness-set,10,single,no,1.2.4,Which list contains only *management of the cloud* capabilities?,"A. Azure portal, Azure CLI, REST APIs | B. Autoscaling deployments, template-based deployment, automatic replacement of failing resources, metric-based alerts | C. Purchasing subscriptions, assigning licenses | D. Writing application code, running tests",B,"Management *of* the cloud is autoscaling, template deployment, automatic replacement of failing resources, and metric-based alerts. A is management *in* the cloud.",https://learn.microsoft.com/en-us/training/modules/describe-benefits-use-cloud-services/5-manageability-cloud
final-readiness-set,11,single,no,1.3.1 1.3.2,"A team wants a managed platform with built-in scalability and multitenancy so developers write less infrastructure code, but they still own and deploy the application. A second team needs full control of the operating system for a lift-and-shift migration. Which service types fit, in that order?","A. IaaS, then PaaS | B. PaaS, then IaaS | C. SaaS, then PaaS | D. PaaS, then SaaS",B,A managed development platform with built-in scalability and multitenancy is PaaS; full OS control for lift-and-shift is IaaS.,https://learn.microsoft.com/en-us/training/modules/describe-cloud-service-types/3-describe-platform-service
final-readiness-set,12,matching,no,1.3.3 1.3.4,"(Match each purchase to the cloud service type: IaaS, PaaS, or SaaS.) ### Domain 2 — Describe Azure architecture and services (Q13–Q30)",i. A subscription to a hosted expense-tracking application used by the finance team as-is | ii. Virtual machines the customer patches and configures | iii. A managed analytics and business intelligence service the customer points at its own data | iv. A messaging and email product delivered ready to use,"i–SaaS, ii–IaaS, iii–PaaS, iv–SaaS",Ready-to-use applications are SaaS; customer-managed VMs are IaaS; managed analytics tooling the customer points at its own data is PaaS.,https://learn.microsoft.com/en-us/training/modules/describe-cloud-service-types/4-describe-software-service
final-readiness-set,13,single,no,2.1.1,"A workload must remain available if an entire Azure region becomes unavailable, and data must stay within the same geography for compliance. Which capability is designed for this?",A. Availability zones | B. Region pairs | C. Availability sets | D. Resource groups,B,"Region pairs replicate across a geography at least 300 miles apart, keeping data in the same geography for residency purposes. Availability zones protect within a region only.",https://learn.microsoft.com/en-us/training/modules/describe-core-architectural-components-of-azure/5-describe-azure-physical-infrastructure
final-readiness-set,14,yes-no,no,2.1.2 2.1.3,"(For each statement, answer yes or no.)","i. An availability-zone-enabled region contains a minimum of three separate availability zones. | ii. Customers choose which individual datacenter within a region their resources are deployed to. | iii. Availability zones within a region have independent power, cooling, and networking.","i–yes, ii–no, iii–yes","Zone-enabled regions have at least three zones with independent power, cooling, and networking. Customers deploy to regions and zones; they do not select individual datacenters.",https://learn.microsoft.com/en-us/training/modules/describe-core-architectural-components-of-azure/5-describe-azure-physical-infrastructure
final-readiness-set,15,single,no,2.1.4 2.1.5,"A company wants development and production workloads billed separately, with different access policies, and wants each project's resources grouped so that all of a project's resources can be deleted together. Which two constructs does this describe, in order?","A. Management groups, then subscriptions | B. Subscriptions, then resource groups | C. Resource groups, then tags | D. Tags, then subscriptions",B,Subscriptions separate billing and access control; resource groups group resources so actions — including deletion — apply to the whole group.,https://learn.microsoft.com/en-us/training/modules/describe-core-architectural-components-of-azure/6-describe-azure-management-infrastructure
final-readiness-set,16,single,no,2.1.6 2.1.7,"An organization with 30 subscriptions must apply one governance rule and one role assignment that reach every subscription and every resource beneath them, without repeating the assignment. Where should these be applied, and what makes it work?","A. On each subscription, because assignments cannot be made higher | B. At a management group, because subscriptions and their contents inherit its conditions | C. On a resource group, because resource groups can contain subscriptions | D. In Microsoft Entra ID, because identity governs resource configuration",B,"Management groups sit above subscriptions; policy and RBAC assignments there are inherited all the way down, which is why one assignment suffices.",https://learn.microsoft.com/en-us/training/modules/describe-core-architectural-components-of-azure/6-describe-azure-management-infrastructure
final-readiness-set,17,single,no,2.2.1,Which option describes the compute choice that requires no operating system management by the customer and runs code only when an event triggers it?,A. Azure Virtual Machines | B. Azure Container Instances | C. Azure Functions | D. Azure Virtual Desktop,C,Azure Functions is the event-driven serverless option with no VMs or containers to maintain. Container Instances still involves a container you supply; VMs require OS management.,https://learn.microsoft.com/en-us/training/modules/describe-azure-compute-networking-services/6-functions
final-readiness-set,18,single,no,2.2.2,"A retailer needs identical, load-balanced virtual machines whose count rises and falls with demand, and separately needs to protect a pair of legacy VMs from a single rack or planned-maintenance failure within one region. Which two options fit, in order?","A. Availability set, then virtual machine scale set | B. Virtual machine scale set, then availability set | C. Azure Virtual Desktop, then availability set | D. Virtual machine scale set, then region pair",B,Scale sets give identical load-balanced VMs that scale with demand; availability sets spread VMs across update and fault domains for in-region resiliency.,https://learn.microsoft.com/en-us/training/modules/describe-azure-compute-networking-services/2-virtual-machines
final-readiness-set,19,single,no,2.2.3,Which statement about virtual machine provisioning is correct?,"A. Disks and networking are created automatically and cannot be chosen | B. You choose the size (family, vCPU, RAM), storage disks, and networking such as the virtual network, network interface, and optionally a public IP | C. VM size cannot be changed after creation under any circumstances | D. A VM must be deployed to a specific datacenter",B,"Size, disks, and networking are all chosen at provisioning time. Deployment targets a region — and optionally a zone — not a specific datacenter.",https://learn.microsoft.com/en-us/training/modules/describe-azure-compute-networking-services/2-virtual-machines
final-readiness-set,20,single,no,2.2.4,Which requirement is best served by Azure App Service rather than by virtual machines or containers?,"A. Running a legacy application that requires a specific OS build and custom drivers | B. Hosting a web app and REST API with automatic scaling and Git-based deployment, without managing an operating system | C. Orchestrating a fleet of containers across many nodes | D. Delivering managed Windows desktops to remote workers",B,App Service is the managed hosting option for web apps and APIs with automatic scaling and Git-based deployment. A needs a VM; C needs AKS; D needs Azure Virtual Desktop.,https://learn.microsoft.com/en-us/training/modules/describe-azure-compute-networking-services/7-describe-application-hosting-options
final-readiness-set,21,multi-select,no,2.2.5,Which statements about Azure virtual networks are correct? (Select all that apply.),"A. A virtual network can be divided into subnets | B. Network security groups can allow or block traffic based on source, destination, port, and protocol | C. Virtual network peering routes traffic between peered networks over the public internet | D. Peered virtual networks can be in different regions | E. Azure routes traffic between subnets in a virtual network by default","A, B, D, E","Subnets, network security groups, cross-region peering, and default inter-subnet routing are all correct. C is false — peered traffic stays private on the Microsoft backbone.",https://learn.microsoft.com/en-us/training/modules/describe-azure-networking-services/2-virtual-network
final-readiness-set,22,matching,no,2.2.5 2.2.6,"(Match each requirement to the correct option: site-to-site VPN, point-to-site VPN, ExpressRoute, Azure DNS, private endpoint.)","i. A remote worker's laptop needs an encrypted connection into a virtual network | ii. A datacenter needs private connectivity to Azure that does not use the public internet | iii. A storage account must be reachable only from inside a virtual network, using a private IP from its address space | iv. An on-premises network gateway needs an encrypted tunnel to an Azure virtual network over the internet | v. A team needs to host DNS records for its domain using the same credentials and billing as its other Azure services","i–point-to-site VPN, ii–ExpressRoute, iii–private endpoint, iv–site-to-site VPN, v–Azure DNS",Each option maps to exactly one requirement. Score per pair.,https://learn.microsoft.com/en-us/training/modules/describe-azure-networking-services/3-virtual-private-networks
final-readiness-set,23,single,no,2.2.6,Which statement about endpoints is correct?,A. A private endpoint has a public IP address but restricts access with a firewall rule | B. A public endpoint has a public IP address and can be accessed from anywhere in the world | C. Public and private endpoints are two names for the same feature | D. Private endpoints can only be used with virtual machines,B,A public endpoint has a public IP and is reachable from anywhere; a private endpoint uses a private IP inside a virtual network.,https://learn.microsoft.com/en-us/training/modules/describe-azure-networking-services/2-virtual-network
final-readiness-set,24,matching,no,2.3.1,"(Match each requirement to the Azure Storage service: Blob Storage, Azure Files, Queue Storage, Azure Disk Storage, Table Storage.)","i. Block-level volume attached to a virtual machine | ii. NoSQL store for large amounts of structured, non-relational data | iii. Object store for unstructured media and backup data | iv. Messages held for asynchronous processing between application components | v. Managed share mountable over SMB or NFS by multiple clients at once","i–Azure Disk Storage, ii–Table Storage, iii–Blob Storage, iv–Queue Storage, v–Azure Files",The five core storage services and their canonical uses. Score per pair.,https://learn.microsoft.com/en-us/training/modules/describe-azure-storage-services/4-describe-azure-storage-services
final-readiness-set,25,single,no,2.3.2,"Data must be retained for seven years, is accessed roughly twice a year, must be immediately readable when accessed, and cost should be as low as possible given that constraint. Which access tier fits?",A. Hot | B. Cool or cold | C. Archive | D. Premium page blobs,B,"Cool (30+ days) and cold (90+ days) lower storage cost while keeping data immediately readable. Archive is cheaper still but requires rehydration, so it fails the immediacy requirement.",https://learn.microsoft.com/en-us/training/modules/describe-azure-storage-services/4-describe-azure-storage-services
final-readiness-set,26,single,no,2.3.3,Which statement about Azure Storage redundancy is correct?,"A. LRS replicates data across three availability zones in the primary region | B. ZRS replicates data synchronously across three availability zones in the primary region | C. GRS keeps all copies within a single datacenter | D. Secondary-region data is readable by default with GRS, before any failover",B,ZRS replicates synchronously across three availability zones in the primary region. LRS keeps three copies in one datacenter; GRS adds an asynchronous secondary region; secondary data is not readable before failover unless a read-access variant is used.,https://learn.microsoft.com/en-us/training/modules/describe-azure-storage-services/3-redundancy
final-readiness-set,27,single,no,2.3.4,"A workload needs Azure Files shares accessible over both SMB and NFS, with high performance. Which storage account type is required?",A. Standard general-purpose v2 | B. Premium block blobs | C. Premium file shares | D. Premium page blobs,C,Premium file shares is the account type for Azure Files that supports both SMB and NFS shares at high performance.,https://learn.microsoft.com/en-us/training/modules/describe-azure-storage-services/2-accounts
final-readiness-set,28,single,no,2.3.5 2.3.6,"An organization must move 70 TB into Azure over a constrained network link, and separately needs a repeatable command-line way to copy and one-way synchronize blobs between two storage accounts. Which two tools fit, in order?","A. AzCopy, then Azure Data Box | B. Azure Data Box, then AzCopy | C. Azure File Sync, then Azure Storage Explorer | D. Azure Migrate, then Azure File Sync",B,Data Box handles large offline transfers when bandwidth is the constraint; AzCopy is the command-line tool for copying and one-direction synchronization between storage accounts.,https://learn.microsoft.com/en-us/training/modules/describe-azure-storage-services/6-identify-azure-data-migration-options
final-readiness-set,29,yes-no,no,2.4.1 2.4.2,"(For each statement, answer yes or no.)","i. Microsoft Entra ID is the cloud-based identity and access management service, and Microsoft Entra Connect synchronizes identities from on-premises Active Directory. | ii. Microsoft Entra Domain Services requires you to deploy and patch your own domain controllers in Azure. | iii. Single sign-on lets one identity access multiple applications, and its security depends on the strength of the initial authentication. | iv. Windows Hello for Business, the Microsoft Authenticator app, and FIDO2 security keys are passwordless options.","i–yes, ii–no, iii–yes, iv–yes","Entra Domain Services is a managed domain — Azure deploys and maintains the domain controllers, so ii is false. Score per statement.",https://learn.microsoft.com/en-us/training/modules/describe-azure-identity-access-security/2-directory-services
final-readiness-set,30,yes-no,no,2.4.3 2.4.4 2.4.5 2.4.6 2.4.7 2.4.8,"(For each statement, answer yes or no.) ### Domain 3 — Describe Azure management and governance (Q31–Q45)","i. B2B collaboration represents external users in your directory, typically as guests. | ii. Conditional Access can require multifactor authentication only for sign-ins from unexpected locations, while allowing known locations without a second factor. | iii. Azure RBAC permissions assigned at a management group are inherited by subscriptions, resource groups, and resources beneath it. | iv. Zero Trust assumes the internal network is inherently trustworthy. | v. In defense in depth, the data layer is at the center and every other layer exists to protect it. | vi. Microsoft Defender for Cloud calculates a secure score and can extend protection to AWS and GCP resources.","i–yes, ii–yes, iii–yes, iv–no, v–yes, vi–yes",Only iv is false: Zero Trust assumes breach and does not treat the internal network as inherently trustworthy. Score per statement.,https://learn.microsoft.com/en-us/training/modules/describe-azure-identity-access-security/4-external-identities
final-readiness-set,31,multi-select,no,3.1.1,Which factors increase what a deployed workload costs in Azure? (Select all that apply.),A. Choosing a region with higher local power and labor costs | B. Leaving disks and public IP addresses in place after deleting their virtual machine | C. Applying more tags to the resources | D. Transferring data out of Azure datacenters across billing zones | E. Purchasing a third-party solution through Azure Marketplace,"A, B, D, E","Geography, orphaned resources left behind by deprovisioning, outbound data transfer priced by billing zone, and Marketplace third-party charges are all cost factors. Tag count is not.",https://learn.microsoft.com/en-us/training/modules/describe-cost-management-azure/2-describe-factors-affect-costs-azure
final-readiness-set,32,single,no,3.1.2,"A team must produce a cost estimate for a proposed design, comparing two regions, before anything is deployed. Which tool fits, and what is its key limitation?",A. Cost analysis; it only shows spend that has already occurred | B. The pricing calculator; it produces estimates only and provisions nothing | C. Azure Advisor; it only reviews resources that already exist | D. Azure Monitor; it reports telemetry rather than cost,B,The pricing calculator estimates before deployment and supports comparing regions; its limitation is that prices are estimates and nothing is provisioned or charged.,https://learn.microsoft.com/en-us/training/modules/describe-cost-management-azure/3-compare-pricing-total-cost-of-ownership-calculators
final-readiness-set,33,single,no,3.1.3,"Which capability shows accumulated Azure costs over time, broken down by subscription, resource group, or service, to identify spending trends?",A. The pricing calculator | B. Microsoft Cost Management cost analysis | C. Azure Service Health | D. Resource locks,B,"Cost analysis shows accumulated costs over time and aggregates by subscription, resource group, or service to reveal trends.",https://learn.microsoft.com/en-us/training/modules/describe-cost-management-azure/6-describe-azure-tool
final-readiness-set,34,single,no,3.1.4,"An organization needs monthly spend reported by internal cost center and by environment, and wants the required metadata to be reapplied automatically if someone removes it. What combination achieves this?",A. Resource locks plus RBAC | B. Tags plus Azure Policy enforcement | C. Management groups plus budgets | D. Purview plus Advisor,B,"Tags supply the cost-center and environment metadata; Azure Policy can require tags on new resources and reapply removed ones. Tags are not inherited, so enforcement matters.",https://learn.microsoft.com/en-us/training/modules/describe-cost-management-azure/7-describe-purpose-of-tags
final-readiness-set,35,single,no,3.2.1,Which requirement is Microsoft Purview designed to address?,"A. Restricting which regions resources may be deployed to | B. Discovering and classifying sensitive data across on-premises, multicloud, and SaaS data, with end-to-end lineage | C. Detecting brute-force attacks against virtual machines | D. Estimating the monthly cost of a proposed architecture",B,"Purview's unified data governance covers automated discovery, sensitive data classification, and end-to-end lineage across on-premises, multicloud, and SaaS data.",https://learn.microsoft.com/en-us/training/modules/describe-features-tools-azure-for-governance-compliance/2-describe-purpose-microsoft-purview
final-readiness-set,36,multi-select,no,3.2.2,Which statements about Azure Policy are correct? (Select all that apply.),A. It can prevent noncompliant resources from being created | B. It evaluates resources that existed before the policy was assigned | C. It groups related policy definitions into initiatives | D. It determines which users may perform actions on a resource | E. It can remediate some noncompliant configurations automatically,"A, B, C, E","Policy blocks noncompliant creation, evaluates pre-existing resources, groups definitions into initiatives, and can remediate some configurations. D is RBAC's job.",https://learn.microsoft.com/en-us/training/modules/describe-features-tools-azure-for-governance-compliance/3-describe-purpose-azure-policy
final-readiness-set,37,single,no,3.2.3,"A production resource group must be protected so that nobody — including subscription owners — can delete it accidentally, while engineers can still update the resources inside. What is applied, and what is the consequence for an owner who needs to delete it later?","A. A ReadOnly lock; the owner can delete after re-authenticating | B. A Delete lock; the owner must remove the lock first, because locks apply regardless of RBAC | C. An Azure Policy deny assignment; the owner must request an exception | D. The Reader role for all users; the owner is unaffected",B,"A Delete lock blocks deletion while allowing reads and updates, and it applies regardless of RBAC — even an Owner must remove the lock first.",https://learn.microsoft.com/en-us/training/modules/describe-features-tools-azure-for-governance-compliance/4-describe-purpose-resource-locks
final-readiness-set,38,single,no,3.3.1 3.3.2,Which statement about the ways to interact with Azure is correct?,"A. The Azure CLI and Azure PowerShell differ in capability, with the CLI limited to read operations | B. Azure Cloud Shell is browser-based, already authenticated to your credentials, and supports both Azure PowerShell and the Azure CLI | C. The Azure portal requires local installation on Windows | D. Only the portal communicates with Azure Resource Manager",B,"Cloud Shell is browser-based, inherits your credentials and permissions, and supports both Azure PowerShell and the Azure CLI. The CLI and PowerShell are functionally equivalent; the portal is web-based.",https://learn.microsoft.com/en-us/training/modules/describe-features-tools-manage-deploy-azure-resources/2-describe-interacting-azure
final-readiness-set,39,single,no,3.3.3,"An enterprise runs servers in its own datacenter and Kubernetes clusters in another public cloud, and wants to apply Azure Policy and inventory tracking to all of it from Azure. Which service enables this?",A. Azure Migrate | B. Azure Arc | C. Azure Virtual Desktop | D. Azure Data Box,B,"Azure Arc projects non-Azure servers, Kubernetes clusters, and data services into Azure Resource Manager so Azure governance and management apply consistently.",https://learn.microsoft.com/en-us/training/modules/describe-features-tools-manage-deploy-azure-resources/3-describe-purpose-of-azure-arc
final-readiness-set,40,single,no,3.3.4,Which statement best describes infrastructure as code?,"A. Storing infrastructure diagrams alongside application source code | B. Defining and provisioning infrastructure through code and templates instead of manual configuration, so deployments are repeatable and reviewable | C. Writing application code that scales automatically | D. Running scripted health checks against production resources",B,"Infrastructure as code means managing and provisioning infrastructure through code and templates instead of manual configuration, which is what makes deployments repeatable.",https://learn.microsoft.com/en-us/training/modules/describe-features-tools-manage-deploy-azure-resources/4-describe-azure-resource-manager-azure-arm-templates
final-readiness-set,41,multi-select,no,3.3.5,Which statements about Azure Resource Manager and ARM templates are correct? (Select all that apply.),"A. Every request from the portal, CLI, PowerShell, SDKs, and APIs passes through Resource Manager | B. Resource Manager authenticates and authorizes requests before passing them to the target service | C. ARM templates use declarative JSON to describe the desired resources | D. ARM templates require you to specify the deployment order of every resource manually | E. The same template can be redeployed to produce a consistent result","A, B, C, E","All requests pass through Resource Manager, which authenticates and authorizes them; templates are declarative JSON and are repeatable. D is false — Resource Manager orchestrates dependency order for you.",https://learn.microsoft.com/en-us/training/modules/describe-features-tools-manage-deploy-azure-resources/4-describe-azure-resource-manager-azure-arm-templates
final-readiness-set,42,single,no,3.4.1,"A team wants a prioritized list of suggested improvements to its existing Azure environment across reliability, security, performance, operational excellence, and cost. Which service provides this?",A. Azure Advisor | B. Azure Service Health | C. Azure Monitor | D. Microsoft Purview,A,"Advisor recommends improvements across exactly those five categories: Reliability, Security, Performance, Operational Excellence, and Cost.",https://learn.microsoft.com/en-us/training/modules/describe-monitoring-tools-azure/2-describe-purpose-of-azure-advisor
final-readiness-set,43,single,no,3.4.2,An engineer needs to know whether a specific virtual machine's current problem originates with Azure or with their own configuration. Which view answers that?,A. Azure Status | B. Service Health | C. Resource Health | D. Azure Advisor,C,Resource Health reports on an individual resource and whether the issue is Azure's or yours. Azure Status is global; Service Health covers the services you use.,https://learn.microsoft.com/en-us/training/modules/describe-monitoring-tools-azure/3-describe-azure-service-health
final-readiness-set,44,matching,no,3.4.3,"(Match each need to the Azure Monitor capability: Log Analytics, Azure Monitor alerts, Application Insights.)","i. Notify an on-call group when a metric threshold is breached | ii. Query collected log data to investigate a pattern of errors | iii. Monitor a web application's response times, failure rates, and dependency calls, with availability tests","i–Azure Monitor alerts, ii–Log Analytics, iii–Application Insights","Alerts notify through action groups; Log Analytics is where queries run; Application Insights monitors application performance, usage, dependencies, and availability. Score per pair.",https://learn.microsoft.com/en-us/training/modules/describe-monitoring-tools-azure/4-describe-azure-monitor
final-readiness-set,45,single,no,3.1.3 3.4.1,"A team is told their Azure bill is too high. They want both a report of where the money actually went last month and a list of Azure-generated recommendations for reducing spend. Which two tools should they use, in order?","A. The pricing calculator, then Azure Monitor | B. Microsoft Cost Management cost analysis, then Azure Advisor | C. Azure Advisor, then resource locks | D. Azure Service Health, then Microsoft Purview",B,Cost analysis reports where the money went; Advisor's Cost category generates recommendations for reducing spend. The pricing calculator estimates future designs and cannot report actual spend.,https://learn.microsoft.com/en-us/training/modules/describe-cost-management-azure/6-describe-azure-tool
session-01-quiz,1,single,no,1.1.1,Which statement best describes cloud computing?,"A. Running virtualization software on servers your organization owns | B. Delivering computing services such as compute, storage, and networking over the internet | C. Backing up on-premises data to a second building | D. Buying servers in bulk to lower the cost per unit",B,"Cloud computing is the delivery of computing services over the internet. A describes on-premises virtualization, and C describes offsite backup — neither involves renting a provider's services.",https://learn.microsoft.com/en-us/training/modules/describe-cloud-compute/3-what-cloud-compute
session-01-quiz,2,multi-select,no,1.1.2,"Under the shared responsibility model, which items remain your responsibility no matter which cloud service type you use? (Select all that apply.)",A. The data and information you store in the cloud | B. The physical hosts running your workloads | C. The accounts and identities in your environment | D. The physical network in the datacenter | E. The devices allowed to connect to your cloud resources,"A, C, E","Data, identities and accounts, and connecting devices stay with the customer in every service type. B and D are always the provider's.",https://learn.microsoft.com/en-us/training/modules/describe-cloud-compute/4-describe-shared-responsibility-model
session-01-quiz,3,single,no,1.1.2,Which three items are always the cloud provider's responsibility?,"A. Operating systems, applications, and network controls | B. The physical datacenter, the physical network, and the physical hosts | C. Identity and access, data, and devices | D. Middleware, runtime, and application code",B,"The provider always owns the physical datacenter, physical network, and physical hosts. A and D vary by service type; C is always the customer's.",https://learn.microsoft.com/en-us/training/modules/describe-cloud-compute/4-describe-shared-responsibility-model
session-01-quiz,4,single,no,1.1.2,You deploy a virtual machine in Azure and install a database on it yourself. Who is responsible for applying database patches?,"A. Microsoft, because the VM runs in Microsoft's datacenter | B. You, because you installed and manage the software on the VM | C. Neither party; database patching is automatic in Azure | D. Microsoft for security patches, you for feature updates",B,"Software you install on an IaaS VM is yours to patch and maintain. The provider's responsibility stops at the physical infrastructure and connectivity. Contrast with a managed database service, where the provider maintains the engine.",https://learn.microsoft.com/en-us/training/modules/describe-cloud-compute/4-describe-shared-responsibility-model
session-01-quiz,5,single,no,1.1.2,Which cloud service type places the most responsibility on the customer?,A. SaaS | B. PaaS | C. IaaS | D. All three place equal responsibility on the customer,C,IaaS leaves the customer responsible for the operating system and everything above it. SaaS is the opposite end; PaaS sits between the two.,https://learn.microsoft.com/en-us/training/modules/describe-cloud-compute/4-describe-shared-responsibility-model
session-01-quiz,6,single,no,1.1.3,"An organization runs a cloud environment used only by itself, hosted in its own datacenter. Which cloud model is this?",A. Public cloud | B. Private cloud | C. Hybrid cloud | D. Multicloud,B,"A private cloud serves a single organization and may be hosted on-site, in a dedicated offsite datacenter, or by a third party. Hosting location alone does not make it hybrid.",https://learn.microsoft.com/en-us/training/modules/describe-cloud-compute/5-define-cloud-models
session-01-quiz,7,single,no,1.1.3,What most clearly distinguishes a public cloud from a private cloud?,A. A public cloud is always cheaper | B. A public cloud is available to anyone who wants to purchase the services | C. A public cloud cannot be used for regulated workloads | D. A public cloud has no service-level guarantees,B,"General availability to any purchaser is the defining difference. Cost, compliance suitability, and SLAs vary and are not the distinguishing characteristic.",https://learn.microsoft.com/en-us/training/modules/describe-cloud-compute/5-define-cloud-models
session-01-quiz,8,single,no,1.1.4,A retailer keeps its customer database on its own private cloud infrastructure but wants to add public cloud capacity during a seasonal sales spike. Which cloud model does this describe?,A. Public cloud | B. Private cloud | C. Hybrid cloud | D. Sovereign cloud,C,"Hybrid interconnects private and public cloud, which is what lets a private environment surge into public capacity for temporary demand.",https://learn.microsoft.com/en-us/training/modules/describe-cloud-compute/5-define-cloud-models
session-01-quiz,9,single,no,1.1.3,An organization uses services from two different public cloud providers and manages resources and security in both. What is this arrangement called?,A. Hybrid cloud | B. Multicloud | C. Private cloud | D. Community cloud,B,"Multicloud means using two or more public cloud providers. Hybrid is public plus private, which is not what is described.",https://learn.microsoft.com/en-us/training/modules/describe-cloud-compute/5-define-cloud-models
session-01-quiz,10,single,no,1.1.4,"A startup has no existing hardware, expects unpredictable growth, and wants to avoid buying servers. Which cloud model is the most appropriate starting point, and why?","A. Private cloud, because it gives complete control over resources and security | B. Public cloud, because it requires no capital expenditure to scale up | C. Hybrid cloud, because it provides the most flexibility | D. Private cloud, because data is not collocated with other tenants' data",B,No capital expenditure to scale up is a listed public cloud advantage and matches a startup with no hardware. A and D are private cloud advantages that require buying hardware.,https://learn.microsoft.com/en-us/training/modules/describe-cloud-compute/5-define-cloud-models
session-01-quiz,11,single,no,1.1.5,"In traditional IT budgeting, which term describes up-front spending on physical infrastructure such as servers and datacenter space?",A. Operational expenditure (OpEx) | B. Capital expenditure (CapEx) | C. Consumption-based spending | D. Total cost of ownership,B,"CapEx is up-front spending on physical infrastructure; OpEx is ongoing spending on services, which is how cloud consumption is classified.",https://learn.microsoft.com/en-us/training/modules/describe-cloud-compute/6-describe-consumption-based-model
session-01-quiz,12,single,no,1.1.5,Which statement about the consumption-based model is correct?,A. You pay a fixed monthly fee regardless of usage | B. You buy capacity a year in advance to guarantee availability | C. You pay for the resources you use and can release them when demand drops | D. You pay only for storage; compute is included,C,"The consumption-based model means paying for what you use and releasing resources when demand drops, with no up-front hardware cost. A and B describe the capacity-planning problem the model removes.",https://learn.microsoft.com/en-us/training/modules/describe-cloud-compute/6-describe-consumption-based-model
session-02-quiz,1,single,no,1.1.6,A workload runs continuously and predictably for the next three years on a specific virtual machine size. Which pricing approach is most likely to reduce its cost?,A. Pay-as-you-go | B. A reservation | C. Azure Spot Virtual Machines | D. The Azure free account,B,"Reservations commit to specific resources for a one- or three-year term to reduce cost, which suits steady, predictable workloads. Spot is for interruptible work; pay-as-you-go costs more for steady use.",https://learn.microsoft.com/en-us/training/modules/describe-cost-management-azure/2-describe-factors-affect-costs-azure
session-02-quiz,2,single,no,1.1.6,"A data-processing job can be interrupted and restarted without harm, and the team wants the lowest possible compute price. Which option fits?",A. A reservation | B. Azure savings plan for compute | C. Azure Spot Virtual Machines | D. Pay-as-you-go,C,"Spot Virtual Machines use unused capacity at lower prices, and workloads can be evicted when Azure needs the capacity back — acceptable only for interruption-tolerant jobs such as batch processing.",https://learn.microsoft.com/en-us/training/modules/describe-cost-management-azure/2-describe-factors-affect-costs-azure
session-02-quiz,3,single,no,1.1.6,Which statement describes Azure savings plan for compute?,A. You commit to a specific VM size and region for one or three years | B. You commit to an hourly spend on eligible compute services for one or three years | C. You pay nothing until you exceed a monthly threshold | D. You bid on unused capacity and may be evicted,B,"A savings plan commits to an hourly spend on eligible compute for one or three years and applies the best available price automatically, trading resource specificity for flexibility. A describes a reservation; D describes spot.",https://learn.microsoft.com/en-us/training/modules/describe-cost-management-azure/2-describe-factors-affect-costs-azure
session-02-quiz,4,single,no,1.1.7,Which statement about serverless computing is correct?,"A. There are no servers involved anywhere in the architecture | B. You must keep at least one instance running to receive events | C. An event triggers your code, and resources are allocated only around the run | D. Serverless is a fourth cloud deployment model alongside public, private, and hybrid",C,"Serverless means the platform allocates resources when an event triggers the code and deallocates when it finishes, so nothing needs to stay provisioned between events. Servers still exist — you just don't manage them.",https://learn.microsoft.com/en-us/training/modules/describe-azure-compute-networking-services/6-functions
session-02-quiz,5,single,no,1.2.1,Which pair correctly matches the scaling type to its action?,A. Vertical scaling adds more virtual machines; horizontal scaling adds CPU and RAM | B. Vertical scaling adds CPU and RAM to a resource; horizontal scaling adds or removes resources | C. Both add resources; only the billing differs | D. Vertical scaling happens automatically; horizontal scaling is always manual,B,"Vertical scaling changes a resource's capability (CPU, RAM); horizontal scaling changes the number of resources. Both can be automatic or manual.",https://learn.microsoft.com/en-us/training/modules/describe-benefits-use-cloud-services/2-high-availability-scalability-cloud
session-02-quiz,6,single,no,1.2.2,Which best describes reliability as a cloud benefit?,A. Predicting next quarter's cloud spend accurately | B. The ability of a system to recover from failures and continue to function | C. Guaranteeing identical performance in every region | D. Encrypting data at rest and in transit,B,"Reliability is recovery from failure and continued function, supported by the cloud's decentralized, multi-region design. A is cost predictability.",https://learn.microsoft.com/en-us/training/modules/describe-benefits-use-cloud-services/3-reliability-predictability-cloud
session-02-quiz,7,single,no,1.2.2,A team uses autoscaling and load balancing so response times stay steady as traffic changes. Which benefit does this primarily demonstrate?,A. Cost predictability | B. Performance predictability | C. Manageability in the cloud | D. Governance,B,Autoscaling and load balancing are the named mechanisms behind performance predictability. Cost predictability is about forecasting spend.,https://learn.microsoft.com/en-us/training/modules/describe-benefits-use-cloud-services/3-reliability-predictability-cloud
session-02-quiz,8,multi-select,no,1.2.3,Which of these are examples of governance and compliance benefits in the cloud? (Select all that apply.),A. Deploying from templates so resources meet your technical standards | B. Cloud-based auditing that flags resources out of compliance with your baseline | C. Automatic replication of all data to every region by default | D. Updating resources at scale when standards change,"A, B, D","Templates, cloud-based auditing, and updating at scale are the governance benefits described. C is false — replication to other regions is a configuration choice, not a default.",https://learn.microsoft.com/en-us/training/modules/describe-benefits-use-cloud-services/4-security-governance-cloud
session-02-quiz,9,single,no,1.2.4,Which group of capabilities describes *management of the cloud* rather than *management in the cloud*?,"A. Azure portal, Azure CLI, Azure PowerShell, REST APIs | B. Autoscaling resources, deploying from templates, automatically replacing failing resources, metric-based alerts | C. Purchasing subscriptions, assigning licenses, paying invoices | D. Writing application code, running unit tests, publishing releases",B,"Management *of* the cloud is managing the resources themselves: autoscaling, template deployment, automatic replacement, alerting. A is management *in* the cloud — the interfaces you use.",https://learn.microsoft.com/en-us/training/modules/describe-benefits-use-cloud-services/5-manageability-cloud
session-02-quiz,10,matching,no,1.3.1 1.3.2 1.3.3 1.3.4,"(Match each scenario to the cloud service type that fits best: IaaS, PaaS, or SaaS. Each type is used at least once.)","i. A team lifts and shifts existing servers to the cloud and needs full control of the operating system | ii. Developers want a managed platform with built-in scalability so they can focus on application code, without handling OS licensing or patching | iii. A finance department subscribes to a ready-to-use expense-tracking application | iv. A team needs to rapidly create and tear down test environments that replicate an established server configuration | v. An analytics team wants business intelligence tooling delivered as a service so they can mine their own data","i–IaaS, ii–PaaS, iii–SaaS, iv–IaaS, v–PaaS","Lift-and-shift and rapid test-environment replication are the two named IaaS scenarios. Development frameworks and analytics or business intelligence tooling are the two named PaaS scenarios. A ready-to-use finance application is SaaS. Score one point per correct pair, then round.",https://learn.microsoft.com/en-us/training/modules/describe-cloud-service-types/2-describe-infrastructure-service
session-02-quiz,11,single,yes,1.1.2,"A company subscribes to a cloud-based expense-tracking application. Who is responsible for patching the application, and who is responsible for managing user accounts?",A. The provider patches the application; the customer manages user accounts | B. The customer patches the application; the provider manages user accounts | C. The provider does both | D. The customer does both,A,"In SaaS the provider manages nearly the whole stack including application maintenance, while the customer keeps data, identity and access, and device posture.",https://learn.microsoft.com/en-us/training/modules/describe-cloud-service-types/4-describe-software-service
session-02-quiz,12,single,yes,1.1.5,Which outcome is a direct consequence of the consumption-based model?,A. You must forecast capacity a year ahead to avoid penalties | B. You avoid paying for capacity that sits idle | C. Compute costs are fixed but storage costs vary | D. Scaling down requires a support request,B,Not paying for idle capacity is a stated benefit of the consumption model; you add resources when demand rises and release them when it falls.,https://learn.microsoft.com/en-us/training/modules/describe-cloud-compute/6-describe-consumption-based-model
session-03-quiz,1,matching,no,2.1.1 2.1.2 2.1.3,"(Match each description to the correct term: datacenter, region, availability zone, region pair, sovereign region.)","i. A physical facility of racked servers with dedicated power, cooling, and networking, which you do not interact with directly | ii. A geographical area containing at least one, and potentially several, nearby datacenters connected by a low-latency network | iii. Physically separate datacenters within one region, each with independent power, cooling, and networking | iv. Two regions in the same geography, at least 300 miles apart, used for replication and staged platform updates | v. An instance of Azure isolated from the main instance of Azure for legal or compliance reasons","i–datacenter, ii–region, iii–availability zone, iv–region pair, v–sovereign region","These five terms are the vocabulary learners most often blur together. Note that customers deploy to regions and zones, not to individual datacenters. Score one point per pair, then round.",https://learn.microsoft.com/en-us/training/modules/describe-core-architectural-components-of-azure/5-describe-azure-physical-infrastructure
session-03-quiz,2,single,no,2.1.2,Which statement about availability zones is correct?,"A. Every Azure region supports availability zones | B. An availability zone is a logical grouping of subscriptions | C. Availability-zone-enabled regions contain a minimum of three separate zones with independent power, cooling, and networking | D. Availability zones are always in different geographies",C,"Availability-zone-enabled regions have a minimum of three separate zones, each with independent power, cooling, and networking. A is false — not all regions support zones.",https://learn.microsoft.com/en-us/training/modules/describe-core-architectural-components-of-azure/5-describe-azure-physical-infrastructure
session-03-quiz,3,single,no,2.1.1,Your organization must keep replicated data within the same geography for compliance and wants protection against an event that affects an entire region. Which Azure capability addresses this?,A. Availability zones | B. Region pairs | C. Sovereign regions | D. Resource groups,B,"Region pairs replicate across a geography, at least 300 miles apart, and keep data in the same geography for residency and compliance purposes (Brazil South being the noted exception). Availability zones protect within a single region, not against a whole-region event.",https://learn.microsoft.com/en-us/training/modules/describe-core-architectural-components-of-azure/5-describe-azure-physical-infrastructure
session-03-quiz,4,single,no,2.1.1,A US government agency requires an instance of Azure that is physically and logically network-isolated from the main instance of Azure. What is this called?,A. A private cloud | B. A sovereign region | C. An availability zone | D. A dedicated host,B,"Sovereign regions are isolated instances of Azure for compliance or legal purposes, such as the US Gov regions operated by screened US personnel.",https://learn.microsoft.com/en-us/training/modules/describe-core-architectural-components-of-azure/5-describe-azure-physical-infrastructure
session-03-quiz,5,multi-select,no,2.1.4,Which statements about resource groups are correct? (Select all that apply.),A. A resource can belong to more than one resource group at a time | B. Every resource must belong to exactly one resource group | C. Resource groups can be nested inside other resource groups | D. Deleting a resource group deletes the resources inside it | E. Access granted on a resource group applies to the resources it contains,"B, D, E","A resource belongs to exactly one resource group; resource groups can't be nested; actions on the group — deletion, access grants — apply to everything inside.",https://learn.microsoft.com/en-us/training/modules/describe-core-architectural-components-of-azure/6-describe-azure-management-infrastructure
session-03-quiz,6,single,no,2.1.5,"In Azure, a subscription acts as which two kinds of boundary?",A. A network boundary and a security boundary | B. A billing boundary and an access control boundary | C. A region boundary and a compliance boundary | D. A tenant boundary and a licensing boundary,B,Subscriptions are a billing boundary (separate invoices and reports) and an access control boundary (access policies applied at subscription level).,https://learn.microsoft.com/en-us/training/modules/describe-core-architectural-components-of-azure/6-describe-azure-management-infrastructure
session-03-quiz,7,single,no,2.1.6,An organization has 14 subscriptions across three teams and wants to apply one policy and one role assignment that affect all of them without repeating the work per subscription. What should it use?,A. A resource group containing the subscriptions | B. Tags applied to each subscription | C. A management group containing the subscriptions | D. A separate Microsoft Entra tenant per team,C,Management groups sit above subscriptions; one policy assignment or one role assignment on the group applies to every subscription beneath it. Resource groups cannot contain subscriptions.,https://learn.microsoft.com/en-us/training/modules/describe-core-architectural-components-of-azure/6-describe-azure-management-infrastructure
session-03-quiz,8,ordering,no,2.1.7,(Put these Azure scopes in order from broadest to narrowest.),A. Resource | B. Management group | C. Resource group | D. Subscription,"B, D, C, A","Management group, then subscription, then resource group, then resource. Score all-or-nothing.",https://learn.microsoft.com/en-us/training/modules/describe-core-architectural-components-of-azure/6-describe-azure-management-infrastructure
session-03-quiz,9,single,no,2.1.7,A policy is assigned at the management group level restricting resource deployment to specific regions. What happens to the subscriptions inside that management group?,"A. Nothing until the policy is assigned again on each subscription | B. They inherit the policy automatically, and resource or subscription owners cannot override it | C. They inherit the policy but any owner can opt out | D. Only new subscriptions inherit it; existing ones are unaffected",B,"Governance conditions applied to a management group are inherited by all subscriptions beneath it, and the resource or subscription owner can't override the assignment. Exceptions are handled deliberately through Azure Policy, not by owner opt-out.",https://learn.microsoft.com/en-us/training/modules/describe-core-architectural-components-of-azure/6-describe-azure-management-infrastructure
session-03-quiz,10,single,yes,1.1.3,A hospital keeps patient records on infrastructure dedicated to itself and runs its public appointment-booking website on a third-party provider's shared infrastructure. Which cloud model does the combination describe?,A. Public cloud | B. Private cloud | C. Hybrid cloud | D. Multicloud,C,Private infrastructure for sensitive records plus public cloud for the public-facing site is an interconnected hybrid environment. Multicloud would require two or more public providers.,https://learn.microsoft.com/en-us/training/modules/describe-cloud-compute/5-define-cloud-models
session-03-quiz,11,single,yes,1.2.1,An application's virtual machines are struggling under load. The team adds four more identical virtual machines behind a load balancer. Which scaling approach is this?,A. Vertical scaling | B. Horizontal scaling | C. Scaling up | D. Manual failover,B,"Adding instances is horizontal scaling (scaling out). Vertical scaling, also called scaling up, would add CPU or RAM to existing machines.",https://learn.microsoft.com/en-us/training/modules/describe-benefits-use-cloud-services/2-high-availability-scalability-cloud
session-03-quiz,12,single,yes,1.3.4,"A team must run software that requires a specific operating system version, custom kernel settings, and its own installed agents. Which cloud service type fits, and why?","A. SaaS, because it requires the least technical expertise | B. PaaS, because the provider handles the operating system | C. IaaS, because it gives control over the operating system and installed software | D. Any of the three; the requirement does not affect the choice",C,"IaaS is the only type that gives the customer control of the operating system and installed software, which is exactly what custom kernel settings and agents require.",https://learn.microsoft.com/en-us/training/modules/describe-cloud-service-types/2-describe-infrastructure-service
session-04-quiz,1,single,no,2.2.1,"A team needs to run multiple instances of a lightweight application on a single host, starting and stopping instances quickly, without managing a separate operating system for each instance. Which compute option fits best?",A. Virtual machines | B. Containers | C. Azure Virtual Desktop | D. Availability sets,B,"Containers are lightweight, share the host operating system, and are designed to be created, scaled out, and stopped dynamically. VMs each carry their own OS to manage.",https://learn.microsoft.com/en-us/training/modules/describe-azure-compute-networking-services/5-containers
session-04-quiz,2,single,no,2.2.1,Which statement correctly distinguishes Azure Container Instances from Azure Kubernetes Service?,"A. Container Instances orchestrates the lifecycle of a fleet of containers; AKS runs a single container | B. Container Instances is the fastest, simplest way to run a container in Azure; AKS is a container orchestration service for managing fleets | C. Container Instances runs only Windows containers; AKS runs only Linux containers | D. Container Instances is IaaS; AKS is SaaS",B,"Container Instances is the fastest and simplest way to run a container without managing VMs; AKS is the orchestration service that manages container lifecycle at fleet scale. Container Apps sits between them, adding built-in load balancing and scaling.",https://learn.microsoft.com/en-us/training/modules/describe-azure-compute-networking-services/5-containers
session-04-quiz,3,single,no,2.2.2,"A retailer wants identical, load-balanced virtual machines that increase in number automatically during traffic spikes and decrease afterward. Which option should they use?",A. An availability set | B. A virtual machine scale set | C. Azure Virtual Desktop | D. A single larger virtual machine,B,"Scale sets create and manage groups of identical, load-balanced VMs and scale out or in on demand or schedule. Availability sets improve resiliency but do not scale instance counts.",https://learn.microsoft.com/en-us/training/modules/describe-azure-compute-networking-services/2-virtual-machines
session-04-quiz,4,single,no,2.2.2,What do update domains and fault domains belong to?,A. Availability zones | B. Region pairs | C. Availability sets | D. Virtual network subnets,C,Availability sets group VMs by update domain (rebooted together during planned maintenance) and fault domain (shared power or network failure point).,https://learn.microsoft.com/en-us/training/modules/describe-azure-compute-networking-services/2-virtual-machines
session-04-quiz,5,single,no,2.2.2,"A company needs to give 200 distributed contractors access to a standardized Windows desktop and a fixed set of applications, managed centrally, with data staying in Azure rather than on personal laptops. Which service fits best?",A. Azure Virtual Desktop | B. Virtual machine scale sets | C. Azure App Service | D. Azure Container Apps,A,"Azure Virtual Desktop is the desktop and application virtualization service; it centralizes delivery, integrates with Microsoft Entra ID, keeps data in Azure-hosted sessions, and supports single- and multi-session Windows.",https://learn.microsoft.com/en-us/training/modules/describe-azure-compute-networking-services/4-virtual-desktop
session-04-quiz,6,multi-select,no,2.2.3,Which of these must you select or configure when you create an Azure virtual machine? (Select all that apply.),"A. Size (family, vCPU count, and RAM) | B. Storage disks | C. Virtual network and network interface | D. A Log Analytics query | E. An Azure Policy initiative","A, B, C","VM provisioning requires size, storage disks, and networking (virtual network, NIC, optionally a public IP). D and E are unrelated management and governance features.",https://learn.microsoft.com/en-us/training/modules/describe-azure-compute-networking-services/2-virtual-machines
session-04-quiz,7,single,no,2.2.2,"In the VM name `D2s_v5`, what does the `D` indicate?","A. The number of data disks attached | B. The VM family, in this case general purpose | C. The datacenter the VM runs in | D. That the VM is deallocated",B,"The base name carries the family (purpose), then vCPU count, then feature and hardware-generation indicators — `D` general purpose, `2` vCPUs, `s` premium SSD support, `v5` hardware generation.",https://learn.microsoft.com/en-us/training/modules/describe-azure-compute-networking-services/2-virtual-machines
session-04-quiz,8,single,no,2.2.4,"A development team wants to host a web application and a REST API in the language of their choice, with automatic scaling, built-in load balancing, and deployment from a Git repository — without managing operating systems. Which service fits best?",A. Azure Virtual Machines | B. Azure App Service | C. Azure Virtual Desktop | D. Azure Data Box,B,"App Service hosts web apps, API apps, WebJobs, and mobile back ends in multiple languages with automatic scaling, built-in load balancing, and deployment from GitHub, Azure DevOps, or any Git repo.",https://learn.microsoft.com/en-us/training/modules/describe-azure-compute-networking-services/7-describe-application-hosting-options
session-04-quiz,9,single,no,2.2.1 1.1.7,Which statement about Azure Functions is correct?,"A. Functions must run continuously to be able to receive events | B. Functions are stateful by default, and Durable Functions makes them stateless | C. An event triggers the function, Azure runs the code, then deallocates resources, and you are charged for the CPU time used while it runs | D. Functions can only be triggered by an HTTP request",C,"Functions are event-driven and serverless: the event wakes the function, Azure deallocates resources when it finishes, and charging is based on CPU time used. Functions are stateless by default; Durable Functions adds state. Triggers include timers and messages from other services, not only HTTP.",https://learn.microsoft.com/en-us/training/modules/describe-azure-compute-networking-services/6-functions
session-04-quiz,10,single,yes,1.1.7,Which requirement most strongly suggests a serverless approach rather than a virtual machine?,"A. A line-of-business application that must run 24 hours a day at steady load | B. Short tasks triggered by messages that arrive unpredictably, finishing in seconds | C. A legacy application that needs a specific OS build and custom drivers | D. A standardized desktop image for remote workers",B,"Serverless fits short, event-triggered work with variable arrival rates, because nothing needs to stay provisioned between events. A, C, and D all imply continuously running or OS-controlled infrastructure.",https://learn.microsoft.com/en-us/training/modules/describe-azure-compute-networking-services/6-functions
session-04-quiz,11,single,yes,1.3.1,Which scenario is the clearest example of IaaS?,A. Subscribing to a hosted email service | B. Deploying virtual machines you patch and configure yourself | C. Using a managed analytics service with built-in tooling | D. Using an event-triggered function service,B,IaaS means renting infrastructure and managing the OS and installed software yourself. A is SaaS; C and D are PaaS-style managed services.,https://learn.microsoft.com/en-us/training/modules/describe-cloud-service-types/2-describe-infrastructure-service
session-04-quiz,12,single,yes,2.1.4,"You want to delete a temporary development environment consisting of a VM, its disk, its network interface, and a public IP address, all created together. What is the cleanest way to remove everything?","A. Delete the virtual machine; the dependent resources are always removed with it | B. Delete the resource group that contains them | C. Apply a ReadOnly lock, then delete the subscription | D. Move the resources to a second resource group, then delete the original",B,"Deleting the resource group deletes everything in it, which is exactly why temporary environments are grouped. Deleting a VM does not reliably remove its disk, NIC, and public IP — the cost-management module names those leftovers as a real source of waste.",https://learn.microsoft.com/en-us/training/modules/describe-core-architectural-components-of-azure/6-describe-azure-management-infrastructure
session-05-quiz,1,single,no,2.2.5,What is the primary purpose of an Azure virtual network?,"A. To store unstructured data accessible over HTTP | B. To let Azure resources communicate with each other, with the internet, and with on-premises networks | C. To replicate data across region pairs | D. To assign role-based permissions to users",B,"Virtual networks enable communication between Azure resources, with the internet, and with on-premises clients, and provide isolation, segmentation, routing, and filtering.",https://learn.microsoft.com/en-us/training/modules/describe-azure-networking-services/2-virtual-network
session-05-quiz,2,single,no,2.2.5,"A team needs two virtual networks in different Azure regions to communicate privately, with traffic staying on the Microsoft backbone rather than crossing the public internet. What should they configure?",A. A site-to-site VPN | B. Virtual network peering | C. A private endpoint | D. Azure DNS,B,Peering connects virtual networks directly; traffic stays private on the Microsoft backbone and never enters the public internet. Peered networks can be in separate regions.,https://learn.microsoft.com/en-us/training/modules/describe-azure-networking-services/2-virtual-network
session-05-quiz,3,single,no,2.2.5,An employee working from a home office needs an encrypted connection from their laptop into an Azure virtual network. Which connectivity option is this?,A. Site-to-site VPN | B. Point-to-site VPN | C. ExpressRoute | D. Virtual network peering,B,Point-to-site connects an individual device from outside the environment into the virtual network. Site-to-site connects a whole on-premises network through a VPN device or gateway.,https://learn.microsoft.com/en-us/training/modules/describe-azure-networking-services/3-virtual-private-networks
session-05-quiz,4,single,no,2.2.5,"An organization requires a dedicated private connection between its datacenter and Azure that does not travel over the public internet, with predictable latency and high throughput. Which option meets this?",A. Site-to-site VPN over the internet | B. Azure ExpressRoute | C. Point-to-site VPN | D. Network security groups,B,"ExpressRoute provides dedicated private connectivity that bypasses the public internet, with more reliability, faster speeds, and consistent latency. Note that DNS queries, certificate revocation checks, and CDN requests still traverse the internet.",https://learn.microsoft.com/en-us/training/modules/describe-azure-networking-services/4-expressroute
session-05-quiz,5,multi-select,no,2.2.5,Which statements about Azure VPN Gateway are correct? (Select all that apply.),A. You can deploy only one VPN gateway per virtual network | B. One VPN gateway can connect to multiple locations | C. VPN gateways are deployed by default as two instances in an active/standby configuration | D. VPN gateway traffic is unencrypted because it uses the Microsoft backbone | E. A VPN gateway can serve as a failover path for an ExpressRoute connection,"A, B, C, E","One VPN gateway per virtual network, but it can serve multiple locations; the default deployment is two instances in active/standby; and a VPN gateway can back up an ExpressRoute circuit. D is false — VPN traffic is encrypted inside a tunnel across the internet.",https://learn.microsoft.com/en-us/training/modules/describe-azure-networking-services/3-virtual-private-networks
session-05-quiz,6,single,no,2.2.5,Which statement about Azure DNS is correct?,"A. You can purchase domain names directly in Azure DNS | B. Azure DNS hosts DNS domains and provides name resolution, and supports private DNS zones for virtual networks | C. Azure DNS replaces the need for public IP addresses | D. Azure DNS is only available in sovereign regions",B,"Azure DNS hosts domains, resolves names on Microsoft's anycast network, and supports private DNS zones plus alias records. You cannot buy a domain name in Azure DNS — that requires App Service domains or a registrar.",https://learn.microsoft.com/en-us/training/modules/describe-azure-networking-services/5-domain-name-system
session-05-quiz,7,single,no,2.2.6,What is the defining characteristic of a private endpoint?,A. It has a public IP address reachable from anywhere in the world | B. It exists within a virtual network and uses a private IP address from that network's address space | C. It encrypts all traffic between two virtual networks | D. It is a firewall rule applied at the subnet level,B,A private endpoint lives inside a virtual network with a private IP from that network's address space. A describes a public endpoint.,https://learn.microsoft.com/en-us/training/modules/describe-azure-networking-services/2-virtual-network
session-05-quiz,8,yes-no,no,2.2.6,"(For each statement, answer yes or no.)",i. A public endpoint has a public IP address and can be accessed from anywhere in the world. | ii. A private endpoint uses a private IP address from the virtual network's address space. | iii. Adding a private endpoint automatically removes all public access to every resource in the subscription.,"i–yes, ii–yes, iii–no",The first two restate the definitions. The third is false: a private endpoint applies to the resource it is created for and does not change public access across a subscription. Score one point per statement.,https://learn.microsoft.com/en-us/training/modules/describe-azure-networking-services/2-virtual-network
session-05-quiz,9,single,no,2.2.5,A team wants to restrict inbound traffic to a subnet so that only HTTPS from a specific address range is allowed. Which capability of Azure virtual networking handles this?,A. Virtual network peering | B. Network security groups | C. Azure DNS alias records | D. ExpressRoute Global Reach,B,"Network security groups contain inbound and outbound rules that allow or block traffic by source and destination address, port, and protocol. Peering connects networks; it does not filter.",https://learn.microsoft.com/en-us/training/modules/describe-azure-networking-services/2-virtual-network
session-05-quiz,10,single,yes,1.1.4,"An organization wants to keep a regulated database on infrastructure it controls while running a public-facing application in Azure, with the two connected. Which cloud model is this, and which Azure connectivity option would support it?",A. Public cloud; virtual network peering | B. Hybrid cloud; site-to-site VPN or ExpressRoute | C. Private cloud; point-to-site VPN | D. Multicloud; Azure DNS,B,"Private infrastructure plus Azure, interconnected, is hybrid; site-to-site VPN or ExpressRoute are the two ways to link on-premises networks to a virtual network.",https://learn.microsoft.com/en-us/training/modules/describe-cloud-compute/5-define-cloud-models
session-05-quiz,11,single,yes,2.1.1,A design requires that a workload survive the loss of one datacenter inside a single Azure region. Which capability should the design use?,A. Region pairs | B. Availability zones | C. Sovereign regions | D. Virtual network peering,B,Availability zones are the in-region protection against a datacenter-level failure. Region pairs protect against the loss of a whole region.,https://learn.microsoft.com/en-us/training/modules/describe-core-architectural-components-of-azure/5-describe-azure-physical-infrastructure
session-05-quiz,12,single,yes,2.2.2,"Which option provides resiliency for a group of virtual machines against a single hardware failure or planned maintenance event within a region, at no additional charge for the grouping itself?",A. An availability set | B. A second subscription | C. A public endpoint | D. Azure Data Box,A,"Availability sets spread VMs across update and fault domains and add no cost for the set itself — you pay for the VM instances. In zone-enabled regions, zone-based designs are often preferred because they isolate larger failures.",https://learn.microsoft.com/en-us/training/modules/describe-azure-compute-networking-services/2-virtual-machines
session-06-quiz,1,matching,no,2.3.1,"(Match each requirement to the Azure Storage service that fits: Blob Storage, Azure Files, Queue Storage, Azure Disk Storage, Table Storage.)","i. Store and stream large video files to browsers | ii. Provide a managed file share that Windows, Linux, and macOS clients can mount concurrently | iii. Hold messages so application components can process work asynchronously | iv. Provide a block-level volume for an Azure virtual machine | v. Store large amounts of structured, non-relational data in a NoSQL store","i–Blob Storage, ii–Azure Files, iii–Queue Storage, iv–Azure Disk Storage, v–Table Storage","These are the five core Azure Storage data services and their canonical use cases. Score one point per pair, then round.",https://learn.microsoft.com/en-us/training/modules/describe-azure-storage-services/4-describe-azure-storage-services
session-06-quiz,2,single,no,2.3.1,Which statement about Azure Blob Storage is correct?,"A. It is designed for structured relational data with enforced schemas | B. It is an object store for unstructured text and binary data, accessible over HTTP or HTTPS | C. It can only be accessed from inside the virtual network where it is created | D. It requires an Azure virtual machine to be running to serve content",B,"Blob Storage is an unstructured object store reachable over HTTP or HTTPS from anywhere, via URLs, REST API, SDKs, CLI, PowerShell, or Storage Explorer. No VM is required.",https://learn.microsoft.com/en-us/training/modules/describe-azure-storage-services/4-describe-azure-storage-services
session-06-quiz,3,single,no,2.3.2,"Which access tier is appropriate for data that is rarely accessed, stored for at least 180 days, and can tolerate retrieval latency?",A. Hot | B. Cool | C. Cold | D. Archive,D,"Archive is for rarely accessed data stored at least 180 days with flexible latency requirements, at the lowest storage cost and highest rehydration latency.",https://learn.microsoft.com/en-us/training/modules/describe-azure-storage-services/4-describe-azure-storage-services
session-06-quiz,4,multi-select,no,2.3.2,Which statements about blob access tiers are correct? (Select all that apply.),"A. The cool tier is intended for data stored for at least 30 days | B. The cold tier is intended for data stored for at least 90 days | C. The archive tier can be set at the storage account level | D. Hot, cool, and cold tiers can be set at the account level | E. Cool and cold tiers have lower storage costs but higher access costs","A, B, D, E","Cool is for at least 30 days, cold for at least 90 days, hot/cool/cold can be set at account level, and cool and cold trade lower storage cost for higher access cost. C is false — archive is not available at the account level, only per blob.",https://learn.microsoft.com/en-us/training/modules/describe-azure-storage-services/4-describe-azure-storage-services
session-06-quiz,5,single,no,2.3.3 2.1.2,Which redundancy option replicates data synchronously across three availability zones in the primary region?,A. Locally redundant storage (LRS) | B. Zone-redundant storage (ZRS) | C. Geo-redundant storage (GRS) | D. Read-access geo-redundant storage (RA-GRS),B,ZRS replicates synchronously across three availability zones in the primary region and keeps data readable and writable if one zone is unavailable. LRS keeps all three copies in one datacenter. Answering this requires recalling what an availability zone is.,https://learn.microsoft.com/en-us/training/modules/describe-azure-storage-services/3-redundancy
session-06-quiz,6,single,no,2.3.3 1.2.2,An organization needs the highest resilience for a critical dataset: protection against both a zone failure in the primary region and a regional disaster. Which redundancy option should they choose?,A. LRS | B. ZRS | C. GRS | D. GZRS,D,"GZRS combines zone redundancy in the primary region with geo-replication to the paired secondary region, and is Microsoft's recommendation for maximum availability and disaster-recovery resilience. GRS uses LRS in both regions, so it does not protect against a zone failure the same way. This is reliability as a cloud benefit made concrete.",https://learn.microsoft.com/en-us/training/modules/describe-azure-storage-services/3-redundancy
session-06-quiz,7,single,no,2.3.3,"With GRS configured and no failover performed, can an application read the data in the secondary region?","A. Yes, secondary-region data is always readable | B. No, unless read access to the secondary region is enabled with the read-access variant | C. Yes, but only through AzCopy | D. No, secondary-region data is never readable under any configuration",B,"By default secondary-region data is not readable until failover occurs; reading before failover requires the read-access variants, RA-GRS or RA-GZRS.",https://learn.microsoft.com/en-us/training/modules/describe-azure-storage-services/3-redundancy
session-06-quiz,8,multi-select,no,2.3.4,Which statements about storage accounts are correct? (Select all that apply.),A. Standard general-purpose v2 is the recommended account type for most Azure Storage scenarios | B. Storage account names must be globally unique in Azure | C. Storage account names may be 3 to 24 characters using numbers and lowercase letters only | D. Premium page blobs support all redundancy options | E. NFS file share support requires the premium file shares account type,"A, B, C, E","Standard general-purpose v2 is recommended for most scenarios; names are globally unique, 3–24 characters, lowercase letters and numbers only; NFS file shares need premium file shares. D is false — premium page blobs support LRS only.",https://learn.microsoft.com/en-us/training/modules/describe-azure-storage-services/2-accounts
session-06-quiz,9,single,no,2.3.6,"A company must move 60 TB of archive data into Azure, and its internet connection is too slow to transfer that volume in a reasonable time. Which option fits best?",A. AzCopy | B. Azure File Sync | C. Azure Data Box | D. Azure Storage Explorer,C,"Data Box is the physical, offline transfer service for very large datasets when bandwidth is the constraint; the device has a maximum usable capacity of 80 TB and ships to and from your datacenter.",https://learn.microsoft.com/en-us/training/modules/describe-azure-storage-services/6-identify-azure-data-migration-options
session-06-quiz,10,single,yes,2.3.5,"Which tool keeps an on-premises Windows file server bidirectionally synchronized with Azure Files, with frequently accessed files cached locally?",A. AzCopy | B. Azure File Sync | C. Azure Migrate | D. Azure Storage Explorer,B,Azure File Sync keeps a Windows server bidirectionally synced with Azure Files and supports cloud tiering so hot files stay local. AzCopy synchronizes in one direction only.,https://learn.microsoft.com/en-us/training/modules/describe-azure-storage-services/7-identify-azure-file-movement-options
session-06-quiz,11,single,yes,2.3.6,"A team needs to assess an on-premises server estate and then migrate those servers to Azure, tracking the whole effort from one place. Which service is designed for this?",A. Azure Data Box | B. Azure Migrate | C. Azure Arc | D. Azure Advisor,B,"Azure Migrate is the hub for discovery, assessment, and migration of on-premises infrastructure, with server, database, and web app migration tooling in one portal.",https://learn.microsoft.com/en-us/training/modules/describe-azure-storage-services/6-identify-azure-data-migration-options
session-06-quiz,12,single,yes,2.2.3,"When creating a virtual machine, which choice most directly affects the VM's storage performance?",A. The resource group name | B. The disk type and configuration selected for the VM | C. The tags applied to the VM | D. The subscription's billing cycle,B,"Disk type and configuration drive storage capacity, IOPS, and throughput for a VM. Names, tags, and billing cycles have no performance effect.",https://learn.microsoft.com/en-us/training/modules/describe-azure-compute-networking-services/2-virtual-machines
session-07-quiz,1,single,no,2.4.1,"An organization has applications that require traditional domain features — domain join, group policy, LDAP, and Kerberos or NTLM authentication — but does not want to deploy and maintain domain controllers in Azure. Which service fits?",A. Microsoft Entra ID | B. Microsoft Entra Domain Services | C. Microsoft Entra Connect | D. Microsoft Defender for Cloud,B,"Microsoft Entra Domain Services provides a managed domain — domain join, group policy, LDAP, Kerberos/NTLM — without deploying domain controllers. Entra ID is the cloud identity service; Entra Connect synchronizes on-premises Active Directory with Entra ID.",https://learn.microsoft.com/en-us/training/modules/describe-azure-identity-access-security/2-directory-services
session-07-quiz,2,single,no,2.4.2,Which three passwordless authentication options does Microsoft Entra ID support?,"A. SMS codes, security questions, and email links | B. Windows Hello for Business, the Microsoft Authenticator app, and FIDO2 security keys | C. Smart cards, RADIUS tokens, and one-time passwords | D. Password managers, biometrics, and CAPTCHA",B,"The three supported passwordless options are Windows Hello for Business, the Microsoft Authenticator app, and FIDO2 security keys. SMS and one-time codes are additional MFA factors, not passwordless methods.",https://learn.microsoft.com/en-us/training/modules/describe-azure-identity-access-security/3-authentication-methods
session-07-quiz,3,single,no,2.4.3,"A supplier's staff need access to one internal application using their own work identities, and they should appear in your directory as guests. Which capability is this?",A. B2B collaboration | B. B2B direct connect | C. Microsoft Entra External ID for customers | D. Microsoft Entra Domain Services,A,"B2B collaboration lets external users sign in with their preferred identity and represents them in your directory, typically as guests. B2B direct connect users are not represented in your directory. External ID for customers (formerly Azure AD B2C) is for consumer-facing apps.",https://learn.microsoft.com/en-us/training/modules/describe-azure-identity-access-security/4-external-identities
session-07-quiz,4,single,no,2.4.4,"During sign-in, Conditional Access performs which sequence?","A. Encrypt, transmit, decrypt | B. Collect signals, make a decision, enforce the decision | C. Authenticate, authorize, audit | D. Assess, secure, defend",B,"Conditional Access collects signals such as user, location, device, and application, decides based on them, and enforces by allowing, blocking, or challenging for MFA. D is the Defender for Cloud framing.",https://learn.microsoft.com/en-us/training/modules/describe-azure-identity-access-security/5-conditional-access
session-07-quiz,5,single,no,2.4.5,You assign the Reader role to a group at subscription scope. What can members of that group do?,A. Read every resource group and resource in that subscription | B. Read only the resources created after the assignment | C. Read and modify resources in the subscription | D. Nothing until the role is also assigned at each resource group,A,"RBAC is hierarchical: a role assigned at a parent scope is inherited by all child scopes, so Reader at subscription scope covers every resource group and resource beneath it, existing and future.",https://learn.microsoft.com/en-us/training/modules/describe-azure-identity-access-security/6-role-based-access-control
session-07-quiz,6,single,no,2.4.5,Which statement about Azure RBAC is correct?,"A. RBAC uses a deny model, so the most restrictive assignment wins | B. RBAC uses an allow model, so permissions from multiple assignments combine | C. RBAC enforces permissions inside applications and at the data level | D. RBAC assignments do not inherit to child scopes",B,"RBAC uses an allow model — if one assignment grants read and another grants write on the same scope, you have both. It is enforced through Azure Resource Manager and does not reach inside applications or data.",https://learn.microsoft.com/en-us/training/modules/describe-azure-identity-access-security/6-role-based-access-control
session-07-quiz,7,single,no,2.4.6,Which three principles guide the Zero Trust model?,"A. Trust but verify, defend the perimeter, encrypt everything | B. Verify explicitly, use least privilege access, assume breach | C. Authenticate, authorize, account | D. Detect, respond, recover",B,"Verify explicitly, use least privilege access, assume breach. Zero Trust replaces the assumption that a location inside the network is inherently safe.",https://learn.microsoft.com/en-us/training/modules/describe-azure-identity-access-security/7-describe-zero-trust-model
session-07-quiz,8,single,no,2.4.7,"In the defense-in-depth model, which layer uses DDoS protection to filter large-scale attacks before they cause a denial of service for users?",A. The network layer | B. The perimeter layer | C. The compute layer | D. The identity and access layer,B,The perimeter layer uses DDoS protection and perimeter firewalls to filter and alert on large-scale attacks. The network layer limits communication between resources through segmentation and access controls.,https://learn.microsoft.com/en-us/training/modules/describe-azure-identity-access-security/8-describe-defense-depth
session-07-quiz,9,single,yes,2.4.8,"A security team wants a single place to see a score representing their security posture, receive prioritized hardening recommendations aligned to a security benchmark, and get alerts on detected threats — covering Azure, on-premises servers, and workloads in AWS. Which service provides this?",A. Azure Monitor | B. Microsoft Defender for Cloud | C. Azure Policy | D. Microsoft Entra Conditional Access,B,"Defender for Cloud provides security posture management with a secure score, recommendations aligned to the Microsoft cloud security benchmark, and security alerts, spanning Azure, hybrid via Azure Arc, and other clouds including AWS and GCP.",https://learn.microsoft.com/en-us/training/modules/describe-azure-identity-access-security/9-describe-microsoft-defender-for-cloud
session-07-quiz,10,single,yes,1.1.2 1.2.3,"For a platform-as-a-service database, which responsibilities remain with the customer?","A. Patching the database engine and the underlying operating system | B. The data stored in the database, and the identities and access granted to it | C. The physical hosts and physical network | D. Nothing; PaaS transfers all responsibility to the provider",B,"Data, identities, and access always remain the customer's responsibility. In PaaS the provider maintains the platform and operating system, and the physical layers are always the provider's.",https://learn.microsoft.com/en-us/training/modules/describe-cloud-compute/4-describe-shared-responsibility-model
session-08-quiz,1,multi-select,no,3.1.1,Which of these affect what an Azure resource costs? (Select all that apply.),"A. The resource type and the settings chosen for it | B. The region where the resource is deployed | C. The number of tags applied to the resource | D. The subscription type, which may include usage allowances | E. Third-party charges for solutions purchased through Azure Marketplace","A, B, D, E","Resource type and settings, geography, subscription type, and Azure Marketplace third-party billing are all named cost factors, along with consumption and maintenance. Tag count has no cost effect — tags help you *report* on cost.",https://learn.microsoft.com/en-us/training/modules/describe-cost-management-azure/2-describe-factors-affect-costs-azure
session-08-quiz,2,single,no,3.1.1,"A team provisions a virtual machine, then deletes the VM but leaves its disks, network interface, and public IP address in place. What is the cost consequence?",A. None; dependent resources are always deleted with the VM | B. The leftover resources continue to incur charges until they are removed | C. The resources are billed at half rate while unattached | D. Azure automatically deletes unattached resources after 24 hours,B,"Deprovisioning a VM does not necessarily deprovision the storage and networking resources created with it, and those keep charging. This is the maintenance cost factor.",https://learn.microsoft.com/en-us/training/modules/describe-cost-management-azure/2-describe-factors-affect-costs-azure
session-08-quiz,3,single,no,3.1.1,Moving data out of an Azure datacenter is priced using which concept?,"A. Availability zones | B. Billing zones, which are geographical groupings of regions used for data-transfer pricing | C. Region pairs | D. Management groups",B,"Billing zones are geographical groupings of regions used specifically for data-transfer pricing, and are not the same thing as availability zones. Some inbound transfers are free; outbound is priced by zone.",https://learn.microsoft.com/en-us/training/modules/describe-cost-management-azure/2-describe-factors-affect-costs-azure
session-08-quiz,4,single,no,3.1.2,Which statement about the Azure pricing calculator is correct?,"A. Adding resources to the calculator provisions them in your subscription | B. It produces an estimate only, and nothing is provisioned or charged | C. It reports your actual spend for the current billing cycle | D. It replaced Microsoft Cost Management",B,"The pricing calculator is informational; prices are estimates, nothing is provisioned, and you are not charged for what you model. Note that the Total Cost of Ownership (TCO) calculator has been retired.",https://learn.microsoft.com/en-us/training/modules/describe-cost-management-azure/3-compare-pricing-total-cost-of-ownership-calculators
session-08-quiz,5,single,no,3.1.2,A team wants to compare the monthly estimated cost of the same three-tier design in two different regions before deploying anything. Which tool should they use?,A. Microsoft Cost Management cost analysis | B. The Azure pricing calculator | C. Azure Advisor | D. Azure Monitor,B,"The pricing calculator estimates costs before deployment and supports comparing regions, service tiers, and redundancy options. Cost analysis reports on spend that has already happened.",https://learn.microsoft.com/en-us/training/modules/describe-cost-management-azure/3-compare-pricing-total-cost-of-ownership-calculators
session-08-quiz,6,single,no,3.1.3,"Which feature of Microsoft Cost Management lets you view accumulated costs broken down by subscription, resource group, or service to find where spend is accruing?",A. Cost analysis | B. Budget alerts | C. Resource locks | D. Azure Policy compliance state,A,"Cost analysis is the Cost Management feature that visualizes and aggregates costs by billing cycle, subscription, resource group, resource, region, or service.",https://learn.microsoft.com/en-us/training/modules/describe-cost-management-azure/6-describe-azure-tool
session-08-quiz,7,multi-select,no,3.1.3,Which statements about budgets and cost alerts are correct? (Select all that apply.),"A. A budget can be scoped to a subscription, resource group, or service type | B. Setting a budget automatically stops all spending when the limit is reached | C. Budget alerts notify recipients when spending crosses a threshold you define | D. Budgets can trigger automation that suspends or modifies resources at a threshold | E. Credit alerts and department spending quota alerts are both types of cost alert","A, C, D, E","Budgets can be scoped several ways, alert at thresholds you define, and can trigger automation such as shutting down nonproduction resources. The three cost alert types are budget, credit, and department spending quota. B is false — a budget alerts and can trigger automation, but does not itself halt spending.",https://learn.microsoft.com/en-us/training/modules/describe-cost-management-azure/6-describe-azure-tool
session-08-quiz,8,single,no,3.1.4,Which statement about resource tags is correct?,"A. Resources inherit tags from their resource group and subscription automatically | B. Tags are name and value pairs that are not inherited, and Azure Policy can enforce required tags | C. Tags can only be applied through the Azure portal | D. Every resource must carry the same set of tags",B,"Tags are name and value metadata, are not inherited from subscriptions or resource groups, can be managed through the portal, PowerShell, CLI, ARM templates, or REST API, and can be required and reapplied through Azure Policy.",https://learn.microsoft.com/en-us/training/modules/describe-cost-management-azure/7-describe-purpose-of-tags
session-08-quiz,9,single,no,3.1.4,An organization wants monthly cost reports broken down by internal cost center and by environment. What is the prerequisite?,A. A separate subscription per cost center | B. A consistent tagging strategy applied to the resources | C. A resource lock on each resource group | D. Read access to the pricing calculator,B,Cost reporting by cost center and environment depends on consistent tags such as CostCenter and Environment. Separate subscriptions are one way to divide billing but are not required to report this way.,https://learn.microsoft.com/en-us/training/modules/describe-cost-management-azure/7-describe-purpose-of-tags
session-08-quiz,10,single,yes,1.1.6,"A workload runs a predictable, constant compute load and the team can commit financially for three years, but wants flexibility in which VM series it uses over that period. Which option fits best?",A. A reservation for a specific VM size | B. Azure savings plan for compute | C. Azure Spot Virtual Machines | D. Pay-as-you-go,B,"A savings plan commits to an hourly spend on eligible compute rather than to a specific resource, which is exactly the flexibility described. A reservation would lock the VM size.",https://learn.microsoft.com/en-us/training/modules/describe-cost-management-azure/2-describe-factors-affect-costs-azure
session-08-quiz,11,single,yes,2.3.2,Storage costs need to come down for a dataset that is accessed a few times a year but must remain immediately readable. Which change is most appropriate?,A. Move the data to the archive tier | B. Move the data to the cool or cold tier | C. Change redundancy from GZRS to LRS and keep the hot tier | D. Delete the data and re-upload when needed,B,"Cool and cold tiers lower storage cost for infrequently accessed data while keeping it immediately readable. Archive has the lowest storage cost but requires rehydration, so the data is not immediately readable.",https://learn.microsoft.com/en-us/training/modules/describe-azure-storage-services/4-describe-azure-storage-services
session-08-quiz,12,single,yes,2.4.5,A finance analyst must review cost data for a subscription but must not be able to change any resources. Which approach follows least privilege?,A. Assign Owner at the subscription scope | B. Assign Contributor at the subscription scope | C. Assign a read-level role at the subscription scope | D. Apply a ReadOnly resource lock to every resource group,C,"Least privilege means granting only the access needed — a read-level role at the scope where the analyst needs visibility. Owner and Contributor both allow changes; a resource lock restricts everyone, not just this analyst, and is not an access-control mechanism.",https://learn.microsoft.com/en-us/training/modules/describe-azure-identity-access-security/6-role-based-access-control
session-09-quiz,1,single,no,3.2.2,What is the purpose of Azure Policy?,"A. To control who can perform actions on Azure resources | B. To create, assign, and manage rules that control or audit resource configurations so they stay compliant with your standards | C. To prevent resources from being deleted | D. To monitor application performance and availability",B,"Azure Policy creates, assigns, and manages rules that control or audit resource configuration for compliance with your standards. A is RBAC, C is resource locks, D is Azure Monitor.",https://learn.microsoft.com/en-us/training/modules/describe-features-tools-azure-for-governance-compliance/3-describe-purpose-azure-policy
session-09-quiz,2,single,no,3.2.2,What is an Azure Policy initiative?,A. A single policy rule applied to one resource | B. A group of related policy definitions assigned and tracked together toward a larger compliance goal | C. A role assignment that spans multiple subscriptions | D. A cost budget with an alert threshold,B,An initiative groups related policy definitions so compliance can be tracked toward a larger goal; Microsoft's monitoring initiative alone contains over 100 definitions.,https://learn.microsoft.com/en-us/training/modules/describe-features-tools-azure-for-governance-compliance/3-describe-purpose-azure-policy
session-09-quiz,3,single,no,3.2.2,You assign a policy at a resource group that restricts VM sizes. Which resources does it affect?,"A. Only resources created after the assignment | B. Only resources explicitly added to the policy scope | C. All resources in that resource group, including existing VMs, which are evaluated and monitored for compliance | D. Nothing until the policy is assigned on each resource individually",C,Policy applies to everything in the assigned scope through inheritance and evaluates existing resources as well as new ones — including VMs created before the policy existed.,https://learn.microsoft.com/en-us/training/modules/describe-features-tools-azure-for-governance-compliance/3-describe-purpose-azure-policy
session-09-quiz,4,multi-select,no,3.2.2,Which statements about Azure Policy are correct? (Select all that apply.),"A. Policy can prevent noncompliant resources from being created | B. Policy assignments are inherited by resources within the assigned scope | C. Policy can automatically remediate some noncompliant configurations, such as adding a missing required tag | D. Policy replaces the need for Azure RBAC | E. Resources can be marked as exceptions to a policy","A, B, C, E","Policy can block noncompliant creation, inherits through scope, can remediate some configurations such as a missing tag, and supports exceptions. D is false — Policy governs resource configuration, RBAC governs who may act.",https://learn.microsoft.com/en-us/training/modules/describe-features-tools-azure-for-governance-compliance/3-describe-purpose-azure-policy
session-09-quiz,5,single,no,3.2.3,"A team must ensure a production resource group cannot be deleted by accident, while still allowing engineers to update the resources inside it. What should they apply?",A. A ReadOnly lock on the resource group | B. A Delete lock on the resource group | C. The Reader role at resource group scope | D. An Azure Policy denying all write operations,B,A Delete lock lets authorized users read and modify but not delete. A ReadOnly lock would also block the updates engineers need. The Reader role would restrict those users entirely rather than protecting the group from everyone.,https://learn.microsoft.com/en-us/training/modules/describe-features-tools-azure-for-governance-compliance/4-describe-purpose-resource-locks
session-09-quiz,6,single,no,3.2.3,A ReadOnly lock is applied to a resource. What can authorized users do?,"A. Read, update, and delete the resource | B. Read the resource, but not update or delete it | C. Nothing; the resource becomes inaccessible | D. Update the resource but not delete it",B,ReadOnly permits reading only; it is comparable to restricting all authorized users to Reader-level permissions on that resource.,https://learn.microsoft.com/en-us/training/modules/describe-features-tools-azure-for-governance-compliance/4-describe-purpose-resource-locks
session-09-quiz,7,single,no,3.2.3,You are an Owner of a subscription and need to delete a resource that has a Delete lock applied. What must happen first?,"A. Nothing; Owner permissions override resource locks | B. The lock must be removed, because locks apply regardless of RBAC permissions | C. An Azure Policy exception must be created | D. The resource must be moved to another resource group",B,"Locks apply regardless of RBAC permissions. Even an Owner must remove the lock first, which is the two-step process that makes locks effective against accidents.",https://learn.microsoft.com/en-us/training/modules/describe-features-tools-azure-for-governance-compliance/4-describe-purpose-resource-locks
session-09-quiz,8,single,no,3.2.1,What is the purpose of Microsoft Purview?,"A. To provide a unified view of your data estate for data governance, risk, and compliance, including automated discovery, sensitive data classification, and end-to-end lineage | B. To detect and respond to security threats against virtual machines | C. To estimate the cost of Azure resources before deployment | D. To deploy Azure resources from declarative templates",A,"Purview is a family of data governance, risk, and compliance solutions giving a unified view of the data estate, with automated discovery, sensitive data classification, and end-to-end lineage across on-premises, multicloud, and SaaS data.",https://learn.microsoft.com/en-us/training/modules/describe-features-tools-azure-for-governance-compliance/2-describe-purpose-microsoft-purview
session-09-quiz,9,single,no,3.2.1,Which requirement is the best fit for Microsoft Purview rather than for Azure Policy?,"A. Ensuring all new storage accounts are deployed only in approved regions | B. Finding where sensitive data is stored across on-premises, multicloud, and SaaS data, and tracing its lineage | C. Preventing accidental deletion of a production resource group | D. Notifying the finance team when spend passes 80% of budget",B,"Locating sensitive data across a whole data estate and tracing lineage is Purview's unified data governance role. A is Azure Policy, C is a resource lock, D is a Cost Management budget alert.",https://learn.microsoft.com/en-us/training/modules/describe-features-tools-azure-for-governance-compliance/2-describe-purpose-microsoft-purview
session-09-quiz,10,single,yes,2.1.7,An organization wants one policy to apply to all 20 of its subscriptions without assigning it 20 times. Where should the policy be assigned?,A. On each resource group | B. At the management group containing the subscriptions | C. On the Microsoft Entra tenant only | D. On a single representative subscription,B,"Assigning at the management group means every subscription beneath it inherits the policy, which is the reason management groups exist.",https://learn.microsoft.com/en-us/training/modules/describe-core-architectural-components-of-azure/6-describe-azure-management-infrastructure
session-09-quiz,11,single,yes,2.4.5,"Which tool answers the question ""what is this user allowed to do in this subscription,"" as opposed to ""is this resource configured correctly""?",A. Azure Policy | B. Azure RBAC | C. Resource locks | D. Microsoft Purview,B,RBAC governs who may perform which actions at which scope. Policy governs what configurations are allowed; locks prevent change or deletion; Purview governs data.,https://learn.microsoft.com/en-us/training/modules/describe-azure-identity-access-security/6-role-based-access-control
session-09-quiz,12,single,yes,3.1.4,"A governance standard requires that every new resource carry an `Owner` tag, and that the tag be restored if someone removes it. What enforces this?",A. A resource lock | B. Azure Policy | C. Microsoft Cost Management budgets | D. Azure RBAC role assignment,B,"Azure Policy can require tags on new resources and reapply tags that have been removed. Tags are not inherited, so policy enforcement is how organizations keep them consistent.",https://learn.microsoft.com/en-us/training/modules/describe-cost-management-azure/7-describe-purpose-of-tags
session-10-quiz,1,single,no,3.3.1,Which statement about the Azure portal is correct?,"A. It is a downloadable desktop application for Windows only | B. It is a web-based console for building, managing, and monitoring Azure resources, with support for custom dashboards | C. It requires Azure PowerShell to be installed locally | D. It is available in a single datacenter, so portal outages affect all customers globally",B,"The portal is a web-based unified console with custom dashboards and accessibility options, and it maintains a presence in every Azure datacenter so it is resilient to individual datacenter failures.",https://learn.microsoft.com/en-us/training/modules/describe-features-tools-manage-deploy-azure-resources/2-describe-interacting-azure
session-10-quiz,2,single,no,3.3.2,What is Azure Cloud Shell?,"A. A browser-based shell, authenticated to your Azure credentials, that supports both Azure PowerShell and the Azure CLI | B. A local terminal emulator you install on Windows, macOS, or Linux | C. A remote desktop session into an Azure virtual machine | D. A cost analysis view in the Azure portal",A,"Cloud Shell is browser-based with no local installation, is already authenticated to your credentials and permissions, and supports both Azure PowerShell and the Azure CLI.",https://learn.microsoft.com/en-us/training/modules/describe-features-tools-manage-deploy-azure-resources/2-describe-interacting-azure
session-10-quiz,3,single,no,3.3.2,What is the real difference between the Azure CLI and Azure PowerShell?,"A. The CLI can only read; PowerShell can write | B. They are functionally equivalent, differing mainly in command syntax | C. The CLI works only on Linux; PowerShell works only on Windows | D. PowerShell runs in Cloud Shell; the CLI does not",B,"Both call the same Azure APIs with equivalent capability; the CLI uses Bash-style commands and Azure PowerShell uses cmdlets. Both install on Windows, Linux, and macOS, and both run in Cloud Shell.",https://learn.microsoft.com/en-us/training/modules/describe-features-tools-manage-deploy-azure-resources/2-describe-interacting-azure
session-10-quiz,4,single,no,3.3.3,"An operations team must apply consistent Azure Policy assignments and inventory tracking to servers in their own datacenter and Kubernetes clusters running in another public cloud, managing everything from Azure. Which service enables this?",A. Azure Migrate | B. Azure Arc | C. Azure Virtual Desktop | D. Azure Monitor,B,"Azure Arc works with Azure Resource Manager to project non-Azure resources into Azure, delivering consistent governance and management across hybrid and multicloud estates. Azure Migrate moves workloads; it does not govern them in place.",https://learn.microsoft.com/en-us/training/modules/describe-features-tools-manage-deploy-azure-resources/3-describe-purpose-of-azure-arc
session-10-quiz,5,multi-select,no,3.3.3,Which resource types can Azure Arc currently manage outside of Azure? (Select all that apply.),A. Servers | B. Kubernetes clusters | C. SQL Server | D. Azure data services | E. Azure subscriptions,"A, B, C, D","Arc currently manages servers, Kubernetes clusters, Azure data services, SQL Server, and virtual machines (in preview) outside Azure. Subscriptions are an Azure construct, not an Arc-managed resource type.",https://learn.microsoft.com/en-us/training/modules/describe-features-tools-manage-deploy-azure-resources/3-describe-purpose-of-azure-arc
session-10-quiz,6,single,no,3.3.4,What does infrastructure as code mean?,A. Writing application source code that runs on cloud infrastructure | B. Managing and provisioning infrastructure through code and templates instead of manual configuration | C. Storing infrastructure diagrams in a source control repository | D. Running scripted health checks against deployed resources,B,"Infrastructure as code means managing infrastructure through code and templates rather than manual configuration, starting with CLI or PowerShell and growing into repeatable template-based deployments.",https://learn.microsoft.com/en-us/training/modules/describe-features-tools-manage-deploy-azure-resources/4-describe-azure-resource-manager-azure-arm-templates
session-10-quiz,7,single,no,3.3.5,Which statement about Azure Resource Manager is correct?,"A. Only the Azure portal communicates with Resource Manager; CLI and PowerShell bypass it | B. Every request from the portal, CLI, PowerShell, SDKs, and APIs goes through Resource Manager, which authenticates and authorizes it before passing it to the service | C. Resource Manager is a monitoring service for application telemetry | D. Resource Manager is only used for template deployments",B,"Resource Manager is the deployment and management layer for Azure. Every tool, API, and SDK request passes through it and is authenticated and authorized there, which is why results are consistent across interfaces.",https://learn.microsoft.com/en-us/training/modules/describe-features-tools-manage-deploy-azure-resources/4-describe-azure-resource-manager-azure-arm-templates
session-10-quiz,8,multi-select,no,3.3.5,Which are benefits of using ARM templates? (Select all that apply.),A. Declarative syntax that defines what to deploy rather than how to deploy it | B. Repeatable results when the same template is reused across environments | C. Automatic handling of resource dependency order and parallel deployment | D. Guaranteed lower cost for the deployed resources | E. Modularity through reusable and nested templates,"A, B, C, E","Declarative syntax, repeatable results, orchestration of dependency order and parallel deployment, modularity, and extensibility are the stated benefits. Templates do not change resource pricing.",https://learn.microsoft.com/en-us/training/modules/describe-features-tools-manage-deploy-azure-resources/4-describe-azure-resource-manager-azure-arm-templates
session-10-quiz,9,single,no,3.3.4 3.3.5,"A team deploys the same environment to development, test, and production and needs the resources created in the correct dependency order every time, with no manual steps. Which approach fits best?",A. Screenshot the portal configuration and repeat it manually | B. Deploy from an ARM template | C. Run ad hoc CLI commands from a chat log | D. Use a resource lock on the production resource group,B,"An ARM template describes the desired end state; Azure validates it, then creates resources in the correct order and in parallel where possible. That is exactly the repeatability requirement.",https://learn.microsoft.com/en-us/training/modules/describe-features-tools-manage-deploy-azure-resources/4-describe-azure-resource-manager-azure-arm-templates
session-10-quiz,10,single,yes,2.2.4,"A team must host a web application with automatic scaling and no operating system to manage, and deploy it continuously from a Git repository. Which service fits best?",A. Azure Virtual Machines | B. Azure App Service | C. Azure Data Box | D. Azure Cloud Shell,B,"App Service provides managed hosting with automatic scaling, high availability, and automated deployment from GitHub, Azure DevOps, or any Git repo, with no OS to manage.",https://learn.microsoft.com/en-us/training/modules/describe-azure-compute-networking-services/7-describe-application-hosting-options
session-10-quiz,11,single,yes,3.2.2 3.2.3,Which combination correctly matches the requirement to the tool?,A. Restrict deployments to approved regions → resource lock; prevent accidental deletion → Azure Policy | B. Restrict deployments to approved regions → Azure Policy; prevent accidental deletion → resource lock | C. Both requirements → Azure RBAC | D. Both requirements → Azure Arc,B,"Policy governs which configurations are permitted, including allowed locations; locks prevent deletion or modification. Option A reverses them.",https://learn.microsoft.com/en-us/training/modules/describe-features-tools-azure-for-governance-compliance/3-describe-purpose-azure-policy
session-10-quiz,12,single,yes,3.2.3,"You apply a ReadOnly lock to a resource group, then try to deploy a new resource into it from an ARM template. What happens?","A. The deployment succeeds, because template deployments bypass locks | B. The deployment fails, because a ReadOnly lock prevents updates to the locked scope until the lock is removed | C. The deployment succeeds but the new resource is created without tags | D. The deployment succeeds only if run from Cloud Shell",B,"ReadOnly blocks updates to the locked scope for all authorized users, and locks apply regardless of how the request arrives or which role the caller holds. The lock must be removed first.",https://learn.microsoft.com/en-us/training/modules/describe-features-tools-azure-for-governance-compliance/4-describe-purpose-resource-locks
session-11-quiz,1,single,no,3.4.1,What does Azure Advisor do?,"A. Reports whether Azure itself is experiencing an outage | B. Evaluates your Azure resources and makes recommendations to improve reliability, security, performance, operational excellence, and cost | C. Collects and queries log and metric data from your resources | D. Estimates the cost of resources before you deploy them",B,"Advisor evaluates your resources and recommends improvements, acting as a personalized best-practices guide in the portal, with actions you can take, postpone, or dismiss. A is Service Health, C is Azure Monitor, D is the pricing calculator.",https://learn.microsoft.com/en-us/training/modules/describe-monitoring-tools-azure/2-describe-purpose-of-azure-advisor
session-11-quiz,2,multi-select,no,3.4.1,Which are Azure Advisor recommendation categories? (Select all that apply.),A. Reliability | B. Security | C. Performance | D. Operational Excellence | E. Cost,"A, B, C, D, E","Advisor has five categories: Reliability, Security, Performance, Operational Excellence, and Cost. All five options are correct, which is the point of the item.",https://learn.microsoft.com/en-us/training/modules/describe-monitoring-tools-azure/2-describe-purpose-of-azure-advisor
session-11-quiz,3,single,no,3.4.2,"A virtual machine in your subscription is unreachable and you need to know whether the problem is on Azure's side or yours, for that specific VM. Which view should you check?",A. Azure Status | B. Service Health | C. Resource Health | D. Application Insights,C,Resource Health zooms in on an individual resource and reports whether it is running normally and whether the issue is on Azure's side or yours.,https://learn.microsoft.com/en-us/training/modules/describe-monitoring-tools-azure/3-describe-azure-service-health
session-11-quiz,4,single,no,3.4.2,You hear reports of a widespread outage and want a global picture of Azure health across all services and regions. Which view should you check?,A. Azure Status | B. Service Health | C. Resource Health | D. Azure Advisor,A,Azure Status gives the global picture across all services and regions. Service Health narrows to your services; Resource Health narrows to one resource.,https://learn.microsoft.com/en-us/training/modules/describe-monitoring-tools-azure/3-describe-azure-service-health
session-11-quiz,5,single,no,3.4.2,Which information does Service Health show that Azure Status does not?,"A. Outages, planned maintenance, and health advisories specific to the services and regions you actually use, with alerting | B. The global health of every Azure service in every region | C. Application request rates and response times | D. Estimated monthly spend by resource group",A,"Because you are signed in, Service Health knows which services and regions matter to you and shows relevant outages, planned maintenance, and health advisories, with alerts you can configure.",https://learn.microsoft.com/en-us/training/modules/describe-monitoring-tools-azure/3-describe-azure-service-health
session-11-quiz,6,matching,no,3.4.3,"(Match each need to the Azure Monitor capability that fits: Log Analytics, Azure Monitor alerts, Application Insights.)","i. Write and run a query against collected data to find all errors in the last hour | ii. Be notified when a virtual machine's CPU stays above 80 percent, with the notification routed to an on-call group | iii. Track a web application's request rates, response times, failure rates, and dependency calls","i–Log Analytics, ii–Azure Monitor alerts, iii–Application Insights",Log Analytics is where you write and run queries against data Azure Monitor collected; alerts fire on a condition and route notification through an action group; Application Insights monitors application performance and usage including dependencies and availability tests. Score one point per pair.,https://learn.microsoft.com/en-us/training/modules/describe-monitoring-tools-azure/4-describe-azure-monitor
session-11-quiz,7,matching,yes,3.1.1 3.1.2 3.1.3 3.1.4,"*(Domain 3 checkpoint — cost management.)* (Match each need to the right capability: the pricing calculator, Microsoft Cost Management cost analysis, budgets with alerts, tags.)","i. Estimate what a proposed design will cost in two candidate regions before deploying it | ii. See where spend has already accrued, broken down by subscription, resource group, or service | iii. Be notified when spending crosses a defined threshold, and optionally trigger automation | iv. Attach the metadata that makes cost reports answer ""which cost center"" and ""which environment""","i–pricing calculator, ii–cost analysis, iii–budgets with alerts, iv–tags",The pricing calculator estimates before deployment; cost analysis reports accrued spend; budgets alert at thresholds and can trigger automation; tags supply the metadata cost reports group by. Fractional credit.,https://learn.microsoft.com/en-us/training/modules/describe-cost-management-azure/3-compare-pricing-total-cost-of-ownership-calculators
session-11-quiz,8,yes-no,yes,3.2.1 3.2.2 3.2.3,"*(Domain 3 checkpoint — governance and compliance.)* (For each statement, answer yes or no.)","i. Azure Policy can prevent a noncompliant resource from being created, and also evaluates resources that already existed. | ii. A Delete lock allows authorized users to read and update a resource but not delete it. | iii. Microsoft Purview's purpose is to discover and classify data across your estate and trace its lineage. | iv. A subscription Owner can delete a resource that has a Delete lock applied, without removing the lock.","i–yes, ii–yes, iii–yes, iv–no","Only iv is false: locks apply regardless of RBAC, so even an Owner must remove the lock first. Fractional credit.",https://learn.microsoft.com/en-us/training/modules/describe-features-tools-azure-for-governance-compliance/3-describe-purpose-azure-policy
session-11-quiz,9,matching,yes,3.3.1 3.3.2 3.3.3 3.3.4 3.3.5,"*(Domain 3 checkpoint — managing and deploying.)* (Match each need to the right option: Azure portal, Azure Cloud Shell, Azure Arc, infrastructure as code, ARM template.)","i. A browser-based shell, already authenticated to your credentials, supporting both Azure PowerShell and the Azure CLI | ii. Govern servers in your own datacenter and Kubernetes clusters in another cloud from Azure | iii. A declarative JSON file describing the resources to deploy, which Azure validates and orchestrates | iv. The practice of managing infrastructure through code and templates rather than manual configuration | v. A web console with custom dashboards for building, managing, and monitoring resources","i–Azure Cloud Shell, ii–Azure Arc, iii–ARM template, iv–infrastructure as code, v–Azure portal",Each option maps to exactly one need. Note the distinction between the practice (infrastructure as code) and the artifact (an ARM template). Fractional credit.,https://learn.microsoft.com/en-us/training/modules/describe-features-tools-manage-deploy-azure-resources/2-describe-interacting-azure
session-11-quiz,10,multi-select,yes,1.1.2,"For an application hosted on an IaaS virtual machine, which responsibilities are the customer's? (Select all that apply.)",A. Operating system patching | B. Physical datacenter security | C. The data stored by the application | D. Identity and access configuration | E. Maintenance of the physical network,"A, C, D","On IaaS the customer owns the operating system and above, plus data and identity in every model. Physical datacenter and physical network are always the provider's.",https://learn.microsoft.com/en-us/training/modules/describe-cloud-compute/4-describe-shared-responsibility-model
session-11-quiz,11,single,yes,2.2.5,"An organization needs a private, dedicated connection from its datacenter to Azure that does not traverse the public internet. Which option meets the requirement?",A. Site-to-site VPN | B. Point-to-site VPN | C. Azure ExpressRoute | D. Virtual network peering,C,"ExpressRoute provides private connectivity that bypasses the public internet. Both VPN types cross the internet inside an encrypted tunnel; peering connects virtual networks, not on-premises datacenters.",https://learn.microsoft.com/en-us/training/modules/describe-azure-networking-services/4-expressroute
session-11-quiz,12,single,yes,2.4.6,"Which action best reflects the Zero Trust principle of ""assume breach""?",A. Trusting all traffic originating inside the corporate network | B. Segmenting access and verifying end-to-end encryption to limit the impact of a compromise | C. Requiring a password of at least 16 characters | D. Publishing all applications through a single public endpoint,B,"Assume breach means limiting potential impact, segmenting access, verifying end-to-end encryption, and using analytics for visibility and detection. A is the perimeter assumption Zero Trust rejects.",https://learn.microsoft.com/en-us/training/modules/describe-azure-identity-access-security/7-describe-zero-trust-model
